Time,HR,Skin_Temp,GSR,AirTemp,Movement,HR_stdv,GSR_stdv,unkown_stdv
2020-11-04 09:25:59,84,71.66666666666667,1.4724605417248956e-07,5132964.75,681,0.0,7.567871710003205e-08,6549366.425159703
2020-11-04 09:26:59,66.11111111111111,74.66666666666667,1.4315767578003778e-07,6219416.75,326,0.4581228472908512,8.688220899478789e-08,6181161.019107024
2020-11-04 09:28:59,89.33333333333333,76.83333333333333,1.1734504108786393e-07,6661245,54,5.120763831912406,5.826603603368474e-08,4989725.555034014
2020-11-04 09:29:59,71.0909090909091,77,1.573559982064741e-07,8473969,330,15.739091722982709,8.801767476208205e-08,6811913.290100477
2020-11-04 09:30:59,83.56666666666666,77.5,1.257269571588274e-07,4600181.25,51,3.456234302757201,7.676951090955917e-08,4022783.860509496
2020-11-04 09:31:59,82.66101694915254,78,1.119630032501331e-07,5583481.5,237,3.181568579620966,6.80241769447968e-08,4122927.8130366593
2020-11-04 09:32:59,84.41666666666667,78,1.2518310045437736e-07,6367081.5,420,1.2687482895445503,6.037888788265338e-08,4668180.868311686
2020-11-04 09:33:59,85.21666666666667,78,1.3665176066830002e-07,7366013.5,226,1.2259916621068658,6.765560354750656e-08,5890452.295071003
2020-11-04 09:34:59,85.01666666666667,78,1.225621617567628e-07,4187021.75,714,1.3600449338982232,6.330836022138291e-08,3856782.0223776824
2020-11-04 09:35:59,85.16279069767442,77.5,1.1519645999374549e-07,5348717.5,234,1.598403746738566,5.872037856359286e-08,4030956.042680043
2020-11-04 09:36:59,73.8695652173913,77,1.2453051918086842e-07,6544489.5,170,0.9914568913905548,7.113523170606825e-08,4822085.027153166
2020-11-04 09:37:59,78.36666666666666,77,1.2346923806644896e-07,7185573.75,391,1.8436075745366443,6.184458867681723e-08,5597392.454822128
2020-11-04 09:38:59,80.5111111111111,77,1.1971139611703458e-07,3942034,634,1.327022100162988,5.616628833017652e-08,4025886.845671212
2020-11-04 09:39:59,79.82758620689656,77,9.621426882809051e-08,5136778,770,2.3203591505187204,4.9919480039492394e-08,4104754.491056012
2020-11-04 09:40:59,78.6470588235294,77,8.60561354014271e-08,6461570,51,1.5696075369560392,6.131113416441232e-08,4867913.909813063
2020-11-04 09:41:59,80.45833333333333,77,6.507852628166671e-08,7969162,172,2.0712147536060947,1.2469010726152836e-09,6196246.8855260685
2020-11-04 09:42:59,78.31666666666666,76.91666666666667,6.293585583996954e-08,4722842.25,134,3.8012790245155936,3.273812520247994e-10,5896985.414291499
2020-11-04 09:43:59,85.36363636363636,76.25,6.357047075880135e-08,5545074.25,35,3.15285519295901,1.3652278469616994e-09,5127844.590411325
2020-11-04 09:44:59,73.06896551724138,77,6.40063032090907e-08,6957990.5,66,6.984865582508191,7.444377515245893e-10,5827557.956638205
2020-11-04 09:45:59,85.15,77,6.328449666835035e-08,7925402.5,51,1.5146506747982078,3.358163957968413e-10,6258232.322897996
2020-11-04 09:46:59,84,77,6.490706922272805e-08,8339566.5,325,0.0,1.308598019416394e-09,6622932.980505937
2020-11-04 09:47:59,82.36,77,6.501060348992284e-08,5268627,35,0.932952303175248,9.702007983004938e-10,5222269.696146159
2020-11-04 09:48:59,70.75,77.16666666666667,8.478195180396436e-08,6346390.75,477,1.299038105676658,5.919643714525717e-08,5233883.147886108
2020-11-04 09:49:59,75.94339622641509,78,1.1094805367068196e-07,7346070.75,84,2.9741978106019666,7.866285946874494e-08,5677088.852061961
2020-11-04 09:50:59,80.86666666666666,77.41666666666667,7.136785649579241e-08,4826027,515,4.988208317845419,3.7825594900783336e-08,5939347.096682219
2020-11-04 09:51:59,80.79661016949153,77,1.344714879044541e-07,4040359,382,6.409155688906484,8.461139817170136e-08,3783711.4329838236
2020-11-04 09:52:59,75.75862068965517,77,1.0414360096523266e-07,5350039,284,0.9704308468600199,6.4195045145236e-08,4155977.9230747246
2020-11-04 09:54:59,78.3,77,7.077193375495463e-08,7071623,155,0.9539392014169457,4.102548129009301e-09,5481140.190326507
2020-11-04 09:56:59,81.6,76.16666666666667,7.041641370029466e-08,4810875.25,169,1.8547236990991407,4.126357531281645e-09,3683207.449774814
2020-11-04 09:57:59,85.76923076923077,76,8.165225941739298e-08,6234491.25,68,3.890893631858608,3.7386758546109416e-08,4649773.328331252
2020-11-04 09:58:59,72.34545454545454,76,1.1977926605695734e-07,7758975.25,51,3.2035104711617497,8.232622030358845e-08,6010053.012959095
2020-11-04 09:59:59,73.23333333333333,76,1.3214718377312596e-07,3482771.5,583,3.76105777083463,7.612413156545517e-08,4071317.473152548
2020-11-04 10:00:59,78.88571428571429,75.16666666666667,1.2446773084817107e-07,5382555.5,52,0.4642307659791977,7.521566512477312e-08,5055393.1317155985
2020-11-04 10:01:59,69,75,1.3840617026903713e-07,3122919.5,34,0.0,8.786956337672692e-08,2872507.2281449963
2020-11-04 10:02:59,71.7,74.83333333333333,9.584490798082829e-08,4349655.25,126,1.8734993995195195,6.91132601160288e-08,4396045.59739059
2020-11-04 10:03:59,67.22727272727273,74.08333333333333,1.3186668351622956e-07,5349339.25,103,4.133365546839724,9.050185181633414e-08,6083377.066422168
2020-11-04 10:04:59,71,74,1.019472421335143e-07,2138075.5,169,0.0,6.754675983100763e-08,663841.8915918533
2020-11-04 10:05:59,68.03571428571429,74,1.1540588133216327e-07,6038163.75,137,3.649678487377277,8.223518873761076e-08,4919441.264016289
2020-11-04 10:06:59,70.11666666666666,74,1.202928805293441e-07,6332567.5,265,7.532356131310368,7.739886474816712e-08,4625841.231824137
2020-11-04 10:07:59,72.61016949152543,74,1.3911217933426416e-07,7267215.75,68,4.584487288681928,8.363047462160226e-08,5734607.084411642
2020-11-04 10:08:59,66.93023255813954,74,1.276410929783454e-07,4023424,362,7.635277210779685,7.482584058068117e-08,3864511.678830263
2020-11-04 10:11:59,74.61702127659575,74,6.354355233241274e-08,6890903.75,280,2.2078505142251657,2.8647099499933996e-09,5345484.2700728895
2020-11-04 10:12:59,75.6,74,1.0415242486070949e-07,3679384,436,1.8366636418607882,7.544081448758878e-08,3920933.069571132
2020-11-04 10:13:59,77.26666666666667,73.75,1.2253054405250166e-07,4662172.25,103,3.5677568427359074,8.544996900627346e-08,3583283.663272165
2020-11-04 10:14:59,74.5,73,9.80518512141057e-08,6382708,185,2.6236107434856515,6.837271043578434e-08,4905116.784933107
2020-11-04 10:15:59,73.41025641025641,73,1.1440965402572536e-07,4336356,354,2.180542730817364,7.817699616012987e-08,4867479.132959945
2020-11-04 10:16:59,85.29787234042553,73,1.0848839532291735e-07,8209027.75,220,4.423894950933456,7.42924425890069e-08,6642587.685513431
2020-11-04 10:18:59,83.11111111111111,72,6.524541440288682e-08,5499784.25,68,5.4046162253401375,8.56358820595382e-10,3950044.8302950547
2020-11-04 10:22:59,92.07692307692308,71,9.137709164617204e-08,3267943.5,819,20.86388686577669,6.727188834990406e-08,2057011.0271722537
2020-11-04 10:23:59,61.12244897959184,70.25,1.1860059960723889e-07,4236999.75,249,8.032161508105702,8.699153087873027e-08,3725350.854054446
2020-11-04 10:24:59,66,70,1.4434540247515445e-07,5170891.75,333,0.0,9.705375498877843e-08,5438415.049958414
2020-11-04 10:27:59,73.4,68,7.569380383175339e-08,9897499,891,2.6907248094147422,3.3172807148619656e-08,5393844.448193191
2020-11-04 10:28:59,71.76190476190476,67.25,7.098576387964264e-08,7476355.25,51,0.9712418121129114,5.607329055430002e-09,5800350.9049776625
2020-11-04 10:30:59,75,67,6.92098552922477e-08,5281100,165,0.0,6.46148490088313e-09,3385493.056360255
2020-11-04 10:31:59,,67,7.127778583682975e-08,4514776,70,,4.5257987539599525e-09,2965938.9808649975
2020-11-04 10:32:59,,66.5,7.217257110886494e-08,5384163.75,460,,4.6324248278104966e-09,4398116.425524475
2020-11-04 10:33:59,,65.83333333333333,6.989099666490086e-08,6400207.5,249,,4.842721808484892e-09,6007803.097725345
2020-11-04 10:34:59,,65,7.075639048949436e-08,3156183.75,279,,5.2613306314973175e-09,1656099.2444719875
2020-11-04 10:35:59,75.5,64,7.017530793348766e-08,4220335.5,216,0.8660254037844386,5.280532058680956e-09,2580355.0618388257
2020-11-04 10:36:59,75,63.083333333333336,6.358191581849963e-08,5219295.5,561,0.0,9.038716838206175e-10,4012555.1428910294
2020-11-04 10:37:59,,62.166666666666664,6.302044051223053e-08,6202343.25,295,,1.0225245245252133e-09,5581931.867556804
2020-11-04 10:38:59,,61.25,6.431245885984287e-08,2974647.5,581,,4.203303740247125e-09,1791911.8128851235
2020-11-04 10:39:59,,60.416666666666664,6.387397976147916e-08,3974063.25,395,,3.6218795076329904e-09,2285737.8797269575
2020-11-04 10:40:59,,59.75,7.062383889980772e-08,4411315,488,,3.56248510135572e-08,3557822.1751490757
2020-11-04 10:41:59,60,59,7.171537693407854e-08,7832486.75,517,0.0,6.344080414325916e-09,6126914.923584968
2020-11-04 10:44:59,,58,6.941758865806877e-08,6780302.75,199,,5.050601661920897e-09,5490815.687632411
2020-11-04 10:47:59,,57,8.267849954737578e-08,2294731.5,1086,,4.2789617019100846e-08,1257515.1929914206
2020-11-04 10:50:59,74.85106382978724,57,8.17022322688948e-08,8559527.75,647,4.594069828776053,4.027202484995336e-08,6867135.658594651
2020-11-04 10:51:59,71,57,7.810849608668539e-08,1945060.25,85,0.0,4.0009759559580774e-08,962507.7795585277
2020-11-04 10:54:59,58,58,6.531300465329962e-08,7397788.5,72,0.0,1.263810407106701e-09,5861155.254075364
2020-11-04 10:56:59,73.46153846153847,58.25,6.37841593263219e-08,5006248.75,245,1.5499570522776833,9.983158537721624e-10,3669318.859182953
2020-11-04 10:57:59,,57.166666666666664,6.443337699947658e-08,6021997,51,,8.468166962050947e-10,4319117.492332259
2020-11-04 10:58:59,,57.083333333333336,6.412901271702736e-08,7319673,51,,8.173776834827703e-10,5664537.777468741
2020-11-04 10:59:59,69.63636363636364,58.25,6.352682042706874e-08,4042921.25,321,0.9315409787235999,1.044772102080965e-09,4389940.540945308
2020-11-04 11:00:59,75.03333333333333,59.666666666666664,6.408443029680742e-08,4939421,188,4.4195273754353215,3.292072783864426e-09,3889342.318367464
2020-11-04 11:01:59,78.8,61.5,6.768122931796397e-08,5825173.5,34,2.4138489320308896,6.084517119271042e-09,4167232.2960188156
2020-11-04 11:02:59,81.61111111111111,63.75,7.038228437373174e-08,6824605.5,300,2.99330528733871,5.673341439792029e-09,5169678.991541182
2020-11-04 11:03:59,76.83050847457628,66.5,7.165546467973709e-08,3596694,69,3.8274323931984027,5.78368280368589e-09,4232315.25156273
2020-11-04 11:05:59,58.82608695652174,71.75,7.106304508808989e-08,5514102.25,363,5.197425566006472,5.077597460185654e-09,3921432.91541194
2020-11-04 11:06:59,69.91525423728814,74.16666666666667,6.981450031600632e-08,6448042.5,132,0.9964026072338351,4.7354434940799914e-09,4798786.033081518
2020-11-04 11:07:59,69.3030303030303,76.08333333333333,7.165909560194471e-08,7742334.5,51,1.4031317457927546,5.589637700055021e-09,6186746.796069018
2020-11-04 11:08:59,71.31818181818181,77.25,7.099755886054897e-08,4301711,335,4.171182126277695,5.99603509089277e-09,3777479.53618011
2020-11-04 11:09:59,79.5,78,7.160660067141658e-08,5333659.25,218,7.303486091648912,5.90939606370254e-09,3896136.9185022474
2020-11-04 11:11:59,75.93333333333334,79.41666666666667,6.996079886024876e-08,7185323.5,67,1.4817407180595246,5.637303990377761e-09,5709409.73265409
2020-11-04 11:12:59,68.39622641509433,80,7.048610706710344e-08,3941015.75,67,9.95525768483055,5.6727444488202884e-09,3758346.4113032725
2020-11-04 11:13:59,86.38461538461539,80.83333333333333,7.128382070085966e-08,5169531.75,230,5.791750918178789,5.482408082900734e-09,3927378.3793668505
2020-11-04 11:17:59,,82,7.135373725900974e-08,5494896.25,324,,6.074016494518274e-09,4951163.075296015
2020-11-04 11:18:59,66.06,82.75,6.940638671148543e-08,5660316.25,405,9.565375057989101,4.851134982347064e-09,4031458.644572791
2020-11-04 11:21:59,73,84,7.042552088685152e-08,4614056.75,183,3.7532594530273458,5.602040201177683e-09,3957669.992180966
2020-11-04 11:22:59,68.34545454545454,84,7.265034224334698e-08,5414560.75,275,0.7439008198355921,5.446258503659136e-09,3871652.3712216453
2020-11-04 11:24:59,63.542857142857144,84,6.750595294978428e-08,8393609,649,2.9504755756401337,4.297560697614881e-09,6692896.8117028
2020-11-04 11:25:59,75.36585365853658,84,7.067103430815738e-08,4287149.25,535,6.5285717168084325,6.16591613388095e-09,3925667.966158013
2020-11-04 11:26:59,77,84,7.297284260441637e-08,5169777.25,85,5.0771820705759385,6.371831490429202e-09,3727400.5337872114
2020-11-04 11:27:59,73.26666666666667,84,7.01108314588476e-08,6169213.25,617,2.2350739485653612,4.849423861299581e-09,4462755.887712344
2020-11-04 11:28:59,66.17777777777778,83.16666666666667,7.377793895962352e-08,7152509.25,423,5.470278842735894,5.98172301411639e-09,5617964.631119636
2020-11-04 11:29:59,74.84,83,7.331872173886757e-08,3875481.5,446,2.2922478051031043,5.825707755601135e-09,3794324.432456093
2020-11-04 11:30:59,75.5,83.08333333333333,7.196439181194973e-08,4859029.5,300,1.267731382092775,4.643510061032701e-09,3610028.5488390876
2020-11-04 11:31:59,76.63333333333334,84,7.252448468865914e-08,5940353.5,197,0.9303523824635241,5.748637878619327e-09,4255281.705369605
2020-11-04 11:32:59,69.63636363636364,84.75,6.958533220706738e-08,6859405.5,314,4.312196809320517,4.782345593725089e-09,5285338.225217498
2020-11-04 11:33:59,74.1,85,7.120605945753238e-08,3612809.5,175,1.6502525059315418,5.510489147314127e-09,3966655.4758056253
2020-11-04 11:34:59,76.93333333333334,85,7.344074684884854e-08,4563325.75,88,0.5120763831912406,6.031027944314126e-09,3527508.5338322977
2020-11-04 11:35:59,72.05,85.83333333333333,6.761790551378368e-08,5562497.75,149,3.4079563768726073,5.809341696784346e-09,3942572.7265523826
2020-11-04 11:36:59,69.74509803921569,86,7.228649167378871e-08,6528885.75,85,3.7250773765086476,5.8800818874666735e-09,4912343.553615594
2020-11-04 11:37:59,73.59322033898304,86,7.130654601668435e-08,7528313.75,203,3.0371632843588623,5.91017735982906e-09,6226321.757931137
2020-11-04 11:39:59,77,86,7.173288338513473e-08,5807530,218,2.280350850198276,6.2581679141769e-09,4408658.150633535
2020-11-04 11:40:59,78.07317073170732,87,8.006092268251079e-08,6693270.25,171,1.8791571009032413,5.462459556708689e-08,4988742.025414041
2020-11-04 11:41:59,,87,6.875574972295167e-08,5461694,927,,3.2005393118829805e-09,5734322.365963349
2020-11-04 11:42:59,72.29411764705883,87,6.709255017654112e-08,2418666.5,319,1.1764705882352942,1.1433480463305962e-09,849069.6680904636
2020-11-04 11:43:59,72.71428571428571,87,6.616795379720232e-08,2897354.5,119,4.488534145521253,1.7788819545204256e-09,2071175.8246694678
2020-11-04 11:44:59,69,86.5,6.641372188110719e-08,4318906.5,102,0.0,1.8574176084920581e-09,3561465.7313605095
2020-11-04 11:48:59,,84.25,7.012849444857714e-08,3370213.25,339,,6.319682434541968e-09,3476740.3082833476
2020-11-04 11:49:59,81,83.25,7.173380492212908e-08,4220105.25,381,0.0,6.166386931162099e-09,5262327.303309837
2020-11-04 11:50:59,,82.16666666666667,7.295446789151489e-08,1530577.5,329,,6.005548118980236e-09,786187.3307951165
2020-11-04 11:51:59,93.71428571428571,81,7.232533143916541e-08,6107561.5,758,0.6998542122237652,5.689412230096845e-09,6196654.092189329
2020-11-04 11:55:59,,79,6.919430113140984e-08,4848353.25,352,,4.5709471879494274e-09,5905577.077929572
2020-11-04 11:56:59,69.83333333333333,78.08333333333333,7.120094560891784e-08,6660513.25,636,1.2133516482134197,4.932609153481532e-09,5845461.802787457
2020-11-04 11:57:59,69,77.33333333333333,6.622163565928014e-08,7112097.25,522,0.0,1.5476114392402578e-09,5523119.407754433
2020-11-04 11:58:59,,77,6.593725456297808e-08,8161953.5,302,,9.68358820113678e-10,6489888.902768001
2020-11-04 11:59:59,56,77.08333333333333,6.933583278995519e-08,4723598,52,0.0,5.80431946764228e-09,4925343.772009472
2020-11-04 12:00:59,,77.25,7.128101301022118e-08,5983642.25,623,,4.874268607123726e-09,5200567.957954082
2020-11-04 12:01:59,77,77.91666666666667,7.011784468899829e-08,3604402.5,396,0.0,5.89941954519696e-09,3791387.853140951
2020-11-04 12:02:59,73.9090909090909,78,7.261001918743192e-08,4752330.5,375,1.3111095547141778,5.808804859857946e-09,5370920.4379712
2020-11-04 12:03:59,86,78,6.991901667165545e-08,1778887.25,542,0.0,6.220662007138849e-09,589950.7201582073
2020-11-04 12:04:59,91.08108108108108,78,6.87605321078868e-08,6270595.25,154,2.2586575584622897,5.709730027698472e-09,6092740.154516454
2020-11-04 12:05:59,94.6938775510204,78,7.191611837579775e-08,6646671.25,332,1.6438392298450832,5.274623009801236e-09,5252460.464316051
2020-11-04 12:06:59,94.28571428571429,78,6.789119522854979e-08,4382939,312,0.6998542122237652,5.062859942339831e-09,4984314.641080205
2020-11-04 12:07:59,79,78,7.097699923590459e-08,4698763.5,209,0.0,5.968484529757189e-09,6120756.95951185
2020-11-04 12:08:59,92,78.16666666666667,6.947593305878721e-08,5597607.5,350,6.0553007081949835,6.416879184283629e-09,5458677.50230042
2020-11-04 12:09:59,96,78.91666666666667,6.740989120984358e-08,6615199.75,423,0.0,5.573672334146829e-09,5500646.248324708
2020-11-04 12:11:59,71.03030303030303,79,7.000616594368182e-08,8466839.75,85,4.661153768502728,5.859785142785183e-09,6800884.61686483
2020-11-04 12:12:59,69.94871794871794,79,7.188102866925247e-08,5289856,86,15.626979821972784,5.867698674812753e-09,5509428.302609854
2020-11-04 12:13:59,92,79,6.974404547173763e-08,6414195.75,139,0.0,5.760026984354207e-09,5550771.252505744
2020-11-04 12:14:59,,78.91666666666667,6.643157348256765e-08,3785407.5,318,,5.326963817696082e-09,4139772.8339190604
2020-11-04 12:15:59,,78.25,7.003897190953565e-08,8188831.5,738,,5.96229992233987e-09,6478786.367649288
2020-11-04 12:16:59,,78,7.728261995346625e-08,4720043.75,50,,3.3422188662069255e-08,5103228.7004157165
2020-11-04 12:17:59,,77.91666666666667,6.754216206944291e-08,2591435.75,103,,3.949549305232924e-09,1997985.048110893
2020-11-04 12:18:59,83.08888888888889,78,6.720342541544587e-08,3387376,303,2.1789112696453827,2.7680811501631942e-09,3801350.4822187205
2020-11-04 12:19:59,79,78,6.648318005840913e-08,4498624,807,0.0,1.437983050339135e-09,5388967.167504409
2020-11-08 13:15:59,77.55555555555556,31,3.3776708995727737e-07,7357424.75,700,4.94662873101157,3.003114843147031e-07,5823865.673208662
2020-11-08 13:16:59,71.16666666666667,34.916666666666664,2.3656534902973292e-07,4059601.5,340,7.312470322826768,1.4906135986604364e-07,4036279.9580448763
2020-11-10 12:19:59,82.72727272727273,62.166666666666664,1.6703826907127712e-07,8009070.75,706,5.445446957044341,1.403057299869876e-07,6307785.664953763
2020-11-10 12:20:59,,72.91666666666667,1.1467375889514102e-07,4928407.5,915,,6.13660284663538e-08,6319113.967822131
2020-11-10 12:21:59,,78.08333333333333,1.03615102009018e-07,5615760,714,,4.54287648520547e-08,5321820.477103206
2020-11-10 12:24:59,92.83333333333333,84.66666666666667,7.011457036233558e-08,5185729,346,0.9860132971832694,1.838689977633642e-08,6330946.271214636
2020-11-10 12:25:59,,85,6.689601992973225e-08,1797325.75,568,,1.4280451185239827e-09,1086043.0161534522
2020-11-10 12:26:59,84,86,7.045267714194163e-08,6835834,623,0.0,1.9190996502990126e-08,6086532.738415813
2020-11-10 12:27:59,84.5,86.5,6.683119968887012e-08,7207294.5,512,1.6321130792467402,1.068616165000769e-09,5535541.673419527
2020-11-10 12:28:59,,86.5,6.655442962089045e-08,8256386.5,336,,1.4301351314976895e-09,6486226.469123033
2020-11-10 12:29:59,103.93333333333334,86.33333333333333,6.60696048822887e-08,4914307,453,0.9977753031397177,1.5582896316083102e-09,5180304.598851452
2020-11-10 12:30:59,,88.33333333333333,6.943169704370335e-08,6125563.25,255,,6.223399428419998e-09,5313986.07404086
2020-11-10 12:31:59,,89.58333333333333,6.76332464390683e-08,7009919.25,204,,3.2363028015773695e-09,5452245.787039519
2020-11-10 12:32:59,,91,6.613399060758047e-08,8091295.5,400,,2.242429462170736e-09,6322220.910489861
2020-11-10 12:33:59,,92.75,6.644773992264706e-08,5089696,578,,1.4353011963994606e-09,6089047.6038777605
2020-11-10 12:34:59,94.83333333333333,94.83333333333333,6.75817827471656e-08,5982864,732,1.5184055965240497,3.400696125745943e-09,5531657.4579807
2020-11-10 12:35:59,81.8,95.5,6.692910863050119e-08,7063708.25,719,0.9797958971132712,1.808384075297268e-09,5819891.4560721135
2020-11-10 12:38:59,85.03703703703704,95.16666666666667,8.291600572406725e-08,4876932,303,1.0708764662815526,4.024135593670186e-08,4237620.444087637
2020-11-10 12:39:59,82.23636363636363,93,7.596816316078568e-08,6506380,306,1.6176710123298343,2.5188621704781966e-08,5295871.150933102
2020-11-10 12:40:59,85.5,92,6.712195598346357e-08,7711140.5,285,1.132843031197762,1.5956575044893432e-09,6094127.08028892
2020-11-10 12:41:59,84.95,92.25,6.711219279646554e-08,8726948.5,85,1.189187397623548,1.910097811377887e-09,6983592.559518829
2020-11-10 12:42:59,85.21818181818182,93.83333333333333,6.744110719410888e-08,5577880.5,85,1.7548986926565313,1.89716233350257e-09,5929160.08781988
2020-11-10 12:43:59,87.66071428571429,95.75,6.696764383214518e-08,5918864.75,352,3.32886073236929,1.5971845436178366e-09,4809162.781030154
2020-11-10 12:44:59,82.46296296296296,96.66666666666667,6.626927358191282e-08,6185616.75,230,1.2429499403370248,1.4026496750392392e-09,4511062.206156349
2020-11-10 12:45:59,82.96666666666667,98,7.297775699888054e-08,7103405,313,1.3161391348266422,2.4899231664140803e-08,5685301.443127137
2020-11-10 12:46:59,84.8695652173913,99.58333333333333,6.6125911904764e-08,3875753.5,405,2.1121665741723685,1.6314837305766087e-09,3680628.4963673325
2020-11-10 12:47:59,84.51666666666667,100.83333333333333,6.637325079534362e-08,4939653.25,315,2.202208487455768,1.4044887876123222e-09,3647489.8062270423
2020-11-10 12:50:59,88.51063829787235,103,6.656385615990324e-08,3760758,374,1.2005732748651816,1.206832242225796e-09,4025194.419644286
2020-11-10 12:51:59,89.41463414634147,103.41666666666667,6.989258382927483e-08,4727202,221,1.4137928532867745,1.8039176264201167e-08,3686735.6850080127
2020-11-10 12:52:59,86.92727272727272,104,6.683278184950361e-08,6395254.5,281,4.280418609327174,1.8756832900934307e-09,4994942.721002639
2020-11-10 12:54:59,88.87272727272727,105,6.744676509292992e-08,7844738.75,402,3.253275526741097,1.7502642436066927e-09,6442328.3103623865
2020-11-10 12:55:59,84.61016949152543,105,6.738308489719191e-08,4367231,134,1.50723620850276,1.7879549555534964e-09,3542106.484582091
2020-11-10 12:56:59,87.81395348837209,105.83333333333333,7.003207747341193e-08,5450119,52,0.5809300463626417,1.782354064955181e-08,3917763.3082612967
2020-11-10 12:57:59,88.06666666666666,106,6.711252683507088e-08,6365839,434,1.590248058916875,1.651954598674452e-09,4709296.7463153135
2020-11-10 12:59:59,87,107,6.682037738331338e-08,7397675.25,408,2.695675549220764,1.9128154453115227e-09,5610235.720107506
2020-11-10 13:03:59,88.46428571428571,107.41666666666667,1.0700464094420429e-07,3881379.75,496,2.0698885901203004,6.098540583327737e-08,3839038.407016878
2020-11-10 13:05:59,89.83673469387755,107,6.877316657331426e-08,6112151.75,484,0.7914579359047068,2.3407774446283212e-09,4488024.184455414
2020-11-10 13:07:59,87.21818181818182,108,6.814794799819815e-08,3634052,68,3.1199703325565546,2.7363477902879753e-09,4001917.684141629
2020-11-10 13:08:59,89.67272727272727,108,7.03411663126857e-08,4633520,563,1.2512473115698366,1.7806061262292143e-08,3678306.7134850924
2020-11-10 13:11:59,87.14285714285714,108,6.681208043295614e-08,7528576,393,2.799416848895061,3.060095308804973e-09,6225686.32296677
2020-11-10 13:12:59,81.45283018867924,107,6.829312960962701e-08,4432032.25,465,1.7108536734387405,2.6307521289027367e-09,3774307.533446723
2020-11-10 13:13:59,81.11538461538461,107,7.057416958494891e-08,5349780.25,281,3.010582911573043,4.4836397147570915e-09,3833652.877597382
2020-11-10 13:14:59,82.33333333333333,106.25,7.048463374136591e-08,6332836.25,102,1.8043158136965811,5.228953563875402e-09,4665502.008307219
2020-11-10 13:15:59,86.59322033898304,106,7.22910597033998e-08,7648404.5,782,6.087271087312753,1.5176370072127514e-08,6092402.289539345
2020-11-10 13:16:59,85.10909090909091,105.41666666666667,7.171054509595932e-08,4980372.75,594,1.9133286299747339,1.1677332648055823e-08,5258815.558293682
2020-11-10 13:17:59,85,105,6.840435939930547e-08,5089916.75,523,2.1291625896895083,2.5511689885156155e-09,3716956.928787269
2020-11-10 13:19:59,87.13207547169812,104.33333333333333,6.754444794299361e-08,7103388.75,106,2.163485446524402,3.581962170764339e-09,5566968.13016023
2020-11-10 13:20:59,84.46666666666667,104.08333333333333,6.68000414072753e-08,3809688.75,52,2.1328124364061853,1.5141368520118167e-09,3831647.921605557
2020-11-10 13:21:59,85.6,104,6.681841010543963e-08,4792728.75,462,1.5077577170531522,1.3062014724851029e-09,3595168.8165014153
2020-11-10 13:22:59,83.13333333333334,104,6.579311753472483e-08,5759104.75,219,1.2036980056845192,1.8774504514528572e-09,4100396.937627891
2020-11-10 13:24:59,82.75438596491227,104.5,6.98819630188811e-08,3679865.25,441,0.9783749820069253,1.747431053383381e-08,4208833.5846708985
2020-11-10 13:25:59,91.27659574468085,104,7.30866162464503e-08,5141417,167,5.3542670502215595,3.1250760107979855e-08,4559683.294826133
2020-11-10 13:26:59,85.86666666666666,104,6.716963188122494e-08,5901205,110,0.49888765156985887,1.8776248596021994e-09,4424382.63978021
2020-11-10 13:27:59,85.14814814814815,103.16666666666667,7.01912732171742e-08,6532013,267,1.2383891479481843,1.7512989896636718e-08,4888489.274776462
2020-11-10 13:28:59,85.24444444444444,103,6.663999594414923e-08,7565737,299,1.1576903357894317,1.5815991185158206e-09,6183553.719886041
2020-11-10 13:29:59,80.3170731707317,102.83333333333333,6.699914506950805e-08,4287137,348,10.189518824394742,1.303375515949222e-09,3656690.798619224
2020-11-10 13:30:59,76.9,102,6.997804019826656e-08,5352589,291,14.190489773083945,1.7801873476649516e-08,3857955.934694239
2020-11-10 13:32:59,83.58333333333333,101.41666666666667,6.68519162090384e-08,7554469,471,1.4639178786925022,1.5903704602822747e-09,6016466.535326071
2020-11-10 13:33:59,84.7,101,6.66490322518221e-08,4156541.25,206,2.297099620536007,1.1507732562212423e-09,3982580.5446960754
2020-11-10 13:34:59,81.33333333333333,101,6.668852626242805e-08,5829505.5,182,3.6636351104090896,1.301434185389059e-09,5066719.462483121
2020-11-10 13:35:59,80.65,101,6.67970888945458e-08,6341753.25,85,3.3307906969166745,1.0353224429197383e-09,4741979.8208201695
2020-11-10 13:36:59,79.03333333333333,101,6.650505399653717e-08,6970789,102,3.1515428320462697,1.5883951320452924e-09,5438590.692078464
2020-11-10 13:38:59,82.11666666666666,101,6.651368097317233e-08,4711313.5,612,3.2817254946479335,1.6185834390981868e-09,3561170.0800126423
2020-11-10 13:40:59,82.5,101,6.695636122514833e-08,11198529.25,475,4.473253849269009,1.290608313350497e-09,5846809.9101139065
2020-11-10 13:41:59,76.4,101,6.680796706699223e-08,3432361.5,372,2.8821288428289717,1.426666632811015e-09,4017490.0857438655
2020-11-10 13:42:59,78.01818181818182,101,6.607540007962268e-08,4399249.5,223,0.9998346970812741,2.0386715425860096e-09,3515674.746373767
2020-11-10 13:43:59,80.7560975609756,100.25,6.844355126164812e-08,5400473.75,485,1.4104226629074108,4.679228110402436e-09,3843889.280396248
2020-11-10 13:44:59,79.87272727272727,100,6.85789165145418e-08,6823821.5,298,1.6074208076582068,2.606412618955756e-09,5114434.628075155
2020-11-10 13:45:59,78.0909090909091,100,6.97778226009156e-08,7987613.5,565,2.5745095015465993,1.742870436177764e-08,6377874.293768281
2020-11-10 13:46:59,81.15,100,6.715599613353765e-08,4186493.75,431,1.4121496615680176,1.9636085534417206e-09,3616628.8241859553
2020-11-10 13:47:59,81.77966101694915,100,6.753784285431169e-08,5121430,102,4.050811998993805,1.6899183477004304e-09,3667116.1743410174
2020-11-10 13:48:59,77.72727272727273,100,6.791396554360154e-08,6262941.75,324,2.6659778724754872,3.0790353662827306e-09,4617080.591485131
2020-11-10 13:49:59,81,100,6.838071354807272e-08,7628929.75,234,2.0174675805564983,2.390483000022017e-09,6013717.47224549
2020-11-10 13:50:59,78.52173913043478,100,6.693436482299947e-08,4418166,84,2.0928359211406504,1.613723414890143e-09,4544249.779314898
2020-11-10 13:51:59,78.8,100,6.66754449909023e-08,5324442.25,87,1.6206994374857624,1.3182785551104073e-09,4168459.1547567896
2020-11-10 13:55:59,80.55102040816327,98.16666666666667,6.697595863553686e-08,2560486,415,6.356938117055514,1.6057786890733422e-09,1382226.8058421165
2020-11-10 13:56:59,75.28,96.83333333333333,7.142854675677419e-08,3248873.75,83,4.915445045974983,1.9397736725096474e-08,3245604.217527098
2020-11-10 13:57:59,73.83333333333333,95.58333333333333,1.1145693628810358e-07,4660165.5,278,3.061408535661685,3.567950263520739e-08,4673133.422929335
2020-11-10 13:58:59,81.75,94.41666666666667,1.28682286949611e-07,5709297.5,104,4.610224144948559,2.6984194585719843e-08,6337222.62257649
2020-11-10 13:59:59,76.52941176470588,93.33333333333333,1.215978467193695e-07,2514161.5,84,2.5541426647739267,2.9668138856269328e-08,928041.8177448956
2020-11-10 14:00:59,75.3,93,6.502206669444004e-08,2989533.5,105,1.3576941236277533,8.762653349068697e-10,2807190.095127733
2020-11-10 14:01:59,75.86666666666666,92.16666666666667,6.455319228034118e-08,4118505.5,52,1.910206504252587,8.925672707314533e-10,4381796.937398543
2020-11-10 14:02:59,75.43333333333334,91.66666666666667,6.330521302056977e-08,5247725.25,50,1.6367311596254557,4.217813142479009e-10,5989192.568756801
2020-11-10 14:03:59,75.43333333333334,90.58333333333333,7.006193514977105e-08,2102497.5,137,1.6367311596254557,3.141988709223533e-08,564730.6150088288
2020-11-10 14:05:59,88.89473684210526,89.25,6.463437043006981e-08,4110033,468,0.9944444014574307,6.514269550315108e-09,3783878.606224901
2020-11-10 14:06:59,115.12,88.66666666666667,6.344299250222283e-08,5046472.75,393,15.76406039064809,6.093374349056824e-10,5503414.196839103
2020-11-10 14:11:59,93.92,82.25,6.444630620599113e-08,1835183.75,582,3.979145636942684,1.038796808745022e-09,1005649.0725291241
2020-11-10 14:12:59,68,80.91666666666667,6.510421556152782e-08,2781115.75,783,13.469742472079819,9.998903058953494e-10,1209798.1607733942
2020-11-10 14:15:59,80.63636363636364,78.83333333333333,6.452116433112608e-08,5108683.75,563,3.5617341862108605,1.3625444665869492e-09,6544328.132883061
2020-11-10 14:16:59,80.57627118644068,78,6.645667760807332e-08,2536664,222,6.608170058320098,6.396551940831387e-09,869989.2113948885
2020-11-10 14:17:59,79.0909090909091,77.91666666666667,6.637229282615564e-08,3258088,358,8.01651188547222,6.341393221801182e-09,2467136.417106987
2020-11-10 14:18:59,85.64285714285714,77.25,6.615234473198974e-08,4272104,211,5.259102895485705,6.284699720979479e-09,4139113.5772509915
2020-11-10 14:19:59,87.27272727272727,77,6.506467426174128e-08,5249224.25,121,1.8136306675690912,7.612746107332502e-10,5838597.429725198
2020-11-10 14:20:59,83.88333333333334,76.58333333333333,6.443805631848777e-08,2248404.5,507,1.70383554240295,8.3040188728394e-10,632437.3715778108
2020-11-10 14:24:59,74.35714285714286,75,6.498784512419587e-08,4302200.5,311,2.333211853008725,2.0146229544191602e-09,4610594.106438805
2020-11-10 14:25:59,76.4,75,6.396653706418562e-08,5749372.5,148,2.6407069760451143,1.2588158166162372e-09,5064719.36690556
2020-11-10 14:26:59,75.13333333333334,75,6.320291807029408e-08,6004092.25,313,2.7535835237417845,7.006906079769992e-10,4318722.804676249
2020-11-10 14:27:59,76.76666666666667,75,6.27292250582248e-08,6970996.5,198,1.1599808427536877,1.6517643361337998e-10,5282744.001117435
2020-11-10 14:28:59,78.86666666666666,74.58333333333333,6.291070507298396e-08,3743348.75,75,0.8055363982396382,3.5173800219353166e-10,4283817.80124951
2020-11-10 14:29:59,79.76666666666667,74,6.327197890620288e-08,4742780.75,235,0.9723968097209881,1.8167847229635984e-09,3856481.8554742597
2020-11-10 14:30:59,79.66666666666667,74,6.270306460478394e-08,5742204.75,107,1.699673171197595,2.6606281437282405e-10,4138729.8007425163
2020-11-10 14:31:59,78.7,74,6.345869404125117e-08,7220093,318,1.9261360284258222,1.3311831954999922e-09,5489872.531211586
2020-11-10 14:32:59,75.83333333333333,73.25,6.561958842928431e-08,8616597.25,240,4.889330788109509,1.9011931815099465e-09,6887517.84407149
2020-11-10 14:33:59,76.63333333333334,73,6.343114208269451e-08,4382101.25,132,1.769808526994438,3.6451876079073416e-10,3780726.2261457373
2020-11-10 14:34:59,79.93333333333334,72.58333333333333,6.469301713967219e-08,5331589.25,190,1.0624918300339485,6.5474478961964775e-09,3828593.5017719218
2020-11-10 14:35:59,80.95555555555555,71.5,6.475088267255621e-08,6347925.25,338,1.4291497947389802,6.593962948285156e-09,4641332.475228443
2020-11-10 14:36:59,81.0677966101695,71,6.31399379173097e-08,7347353.25,117,3.9353435737402065,5.073558657888782e-10,5829209.561768747
2020-11-10 14:37:59,76.63333333333334,71,6.438895518910564e-08,4135837.5,84,2.2058004342087605,6.588142421521835e-09,3910585.6626038444
2020-11-10 14:38:59,76.73333333333333,71,6.444372506023092e-08,5119373.5,132,2.1123972690339814,6.584821811503478e-09,3800928.043206652
2020-11-10 14:39:59,78.58333333333333,71.83333333333333,6.327821093238659e-08,6169741.75,134,3.7607254028386006,1.0961512462677745e-09,4477607.269500943
2020-11-10 14:40:59,75.2,72,6.314847761119027e-08,7119021.5,100,2.8682166352398606,2.0609340102782604e-09,5513141.445316522
2020-11-10 14:41:59,76.03333333333333,72,6.394989851173836e-08,3907753.75,121,2.0813991020998888,6.7395703794173375e-09,4120570.895081128
2020-11-10 14:42:59,75.83333333333333,72,6.314382224527445e-08,4924077.75,202,2.1692292538031928,2.0115296784320773e-09,3863303.5943585495
2020-11-10 14:43:59,70.93333333333334,73,6.949872841747729e-08,5840793.75,51,1.9988885800753267,2.9650126501808227e-08,4184779.891319218
2020-11-10 14:44:59,73.76666666666667,73,7.035475392271721e-08,6840481.75,116,3.980647630167176,3.586929343086818e-08,5181215.657506807
2020-11-10 14:45:59,77.59649122807018,73.58333333333333,8.379678478557474e-08,3612830,153,1.4492544861798866,5.61269339033333e-08,4258653.992885193
2020-11-10 14:46:59,78.38461538461539,74,6.86135413586787e-08,4612006.25,165,2.3709284626803755,2.99133489124433e-08,3793859.427637335
2020-11-10 14:47:59,78.38461538461539,74,7.273254555533597e-08,3316970.5,106,5.073133784016793,2.290143220106506e-08,2727887.4016669476
2020-11-10 14:48:59,74.3076923076923,74.08333333333333,6.677415608423388e-08,6809214.5,373,4.116283151369512,6.824394184338685e-09,5099908.665506202
2020-11-10 14:49:59,72.25,74.91666666666667,6.955809362962804e-08,7643010.25,503,4.8014754676731055,3.6756301737908382e-09,6126032.847613755
2020-11-10 14:50:59,75.23333333333333,75,6.671869241246219e-08,4366506.5,149,1.7162620882474668,1.6875987271168384e-09,3886830.583969187
2020-11-10 14:51:59,77.53333333333333,75,6.684402146977766e-08,5349806.5,69,1.359738536958076,1.4521763528574383e-09,3918129.0860228497
2020-11-10 14:52:59,76.86666666666666,75,6.987412664800938e-08,6381946.5,109,0.8055363982396382,1.8263377781778284e-08,4643829.8376213405
2020-11-10 14:53:59,78.4,75,7.608436690440527e-08,8094339,286,3.7647487742654664,2.7411429363249653e-08,6356682.0339449495
2020-11-10 14:55:59,79.25,75.83333333333333,7.582165309576915e-08,2530511,411,3.9354161152284775,2.988564350434464e-08,2039675.3213755614
2020-11-10 14:56:59,79.4,75.83333333333333,6.905953927573526e-08,6467750.75,598,4.431703961232068,1.8490347137002888e-08,4929049.564662562
2020-11-10 14:57:59,76.16666666666667,76,6.559767159424717e-08,7069362.75,175,1.7240134054647667,5.337040416900089e-10,5443230.1947261235
2020-11-10 14:58:59,77.73333333333333,76,6.538359899403464e-08,3841455.25,51,1.7113996870657915,1.0025910274936493e-09,4163965.472947895
2020-11-10 14:59:59,76.36666666666666,76,6.535298082679839e-08,4808359.25,214,1.182746333280678,1.1329454603849086e-09,3780266.8382517905
2020-11-10 15:00:59,77.03333333333333,76,6.52141945856868e-08,5791399.25,68,0.8556998435328957,8.561341125292937e-10,4155816.800282008
2020-11-10 15:01:59,75.66666666666667,75.83333333333333,6.528275713647631e-08,6790575.25,256,1.2995725793078619,9.001857568969283e-10,5117091.184122303
2020-11-10 15:02:59,74.4,76,6.531840570466615e-08,7757475.25,135,1.4742229591663987,9.572899058594977e-10,6373868.306268352
2020-11-10 15:03:59,77.26666666666667,75.83333333333333,6.835534523666543e-08,4659635.5,69,2.9769484749021475,1.8235931215812378e-08,3995474.898277894
2020-11-10 15:04:59,81.98148148148148,75.16666666666667,6.696617176074089e-08,5661559.75,105,1.7794166828313558,1.1375813199203526e-08,4134326.0896495194
2020-11-10 15:05:59,75.22222222222223,75,6.730365379708354e-08,6777211.75,488,2.298684540619689,1.0581449650227236e-08,5037845.207047026
2020-11-10 15:06:59,76.83333333333333,75,6.609587874772509e-08,7639219.5,67,1.7996913315590786,1.5804425128178211e-09,6101267.337834719
2020-11-10 15:07:59,77.3,75,6.597164030558185e-08,4635299.75,477,1.9261360284258222,9.49568762134695e-10,4485216.198284948
2020-11-10 15:08:59,74.54545454545455,75,6.5752656332756e-08,5876619.75,233,2.1685200803411933,9.502771127977e-10,4832893.648374408
2020-11-10 15:09:59,76.61224489795919,75,6.717564099243232e-08,6941603.75,773,3.3491779468426017,6.2441462497518084e-09,5415387.1570684295
2020-11-10 15:14:59,79.81632653061224,74.66666666666667,6.495341973999125e-08,4401111.5,497,2.3876678860750475,1.0713969668843454e-09,5283512.837877159
2020-11-10 15:15:59,,74,6.621113352439867e-08,4910507.75,716,,8.205387308199993e-09,6129040.418692855
2020-11-10 15:16:59,,74,1.1531637291356176e-07,6208395.75,446,,5.677698075716616e-08,6199237.268913869
2020-11-10 15:18:59,,73.83333333333333,6.581331096580755e-08,7690647.5,720,,2.1720400372262525e-09,6005885.619356253
2020-11-10 15:20:59,88.46428571428571,73,6.505760433999294e-08,4703904,83,1.9996810970242025,8.489672113782909e-10,4160052.3520481084
2020-11-10 15:21:59,84.72340425531915,73,6.560833973105823e-08,2856944.25,612,1.8300346195955044,8.674918383286752e-10,2743579.540737372
2020-11-10 15:22:59,85.78947368421052,73,7.754677895459484e-08,7525036.25,344,2.041128361017402,3.182863615738719e-08,5935649.440520783
2020-11-10 15:23:59,86.5,73,6.97608656175644e-08,7660700.25,271,1.875961292039569,2.160172429327948e-08,6074859.470187166
2020-11-10 15:24:59,82.58823529411765,72.5,1.3186941350318685e-07,1692612.25,84,1.9115384481496378,4.590897345424057e-08,792042.8749074683
2020-11-10 15:25:59,87.22,73,1.1733963709896889e-07,5268348.75,527,4.191849233930056,4.988686143368385e-08,3945436.6835023076
2020-11-10 15:26:59,79.6,72.91666666666667,1.1997163690333638e-07,6038436.75,67,3.899572626156188,4.206899655878401e-08,4362197.997110366
2020-11-10 15:28:59,81.38333333333334,72.25,9.65872900083805e-08,3859321,387,1.5926044357871445,3.7970161140782736e-08,3882007.1693082303
2020-11-10 15:29:59,82.31666666666666,73.41666666666667,1.02653911141131e-07,4891277,186,2.109436470297748,4.179544802999936e-08,3712388.467654214
2020-11-10 15:30:59,84.86666666666666,74.66666666666667,7.242466503271203e-08,6340769.25,300,2.9970355723985365,2.5337038975545553e-08,4777937.034440616
2020-11-10 15:31:59,77.63333333333334,76,6.472666672986365e-08,6790065,401,4.926008075059921,8.755991707169248e-10,5199895.1400492685
2020-11-10 15:32:59,82.06666666666666,77.75,6.458727396728161e-08,3563173.5,116,4.650686926561375,1.1541251092784596e-09,4042837.1322021186
2020-11-10 15:33:59,82.41666666666667,80.41666666666667,6.852888666267903e-08,4529813.5,374,1.8192641980268347,1.825222071530265e-08,3580149.828394372
2020-11-10 15:34:59,83.13333333333334,83.16666666666667,6.534869461645086e-08,5512853.75,171,1.384035966135113,9.255716978802305e-10,3913402.3694179067
2020-11-10 15:35:59,85.3,86,6.631200066912956e-08,6479485.75,228,1.5088627063675035,1.2767966684910673e-09,4845859.36724475
2020-11-10 15:36:59,83.72222222222223,87.41666666666667,7.111472689425526e-08,7529118,432,1.4455124256952987,2.8654413291692662e-08,6164910.091418001
2020-11-10 15:37:59,85.1304347826087,87.33333333333333,1.3038641580246775e-07,4333226.5,289,1.22667269388399,6.717390829357756e-08,3734934.0502446294
2020-11-10 15:38:59,77.27272727272727,88,1.3350001717872218e-07,5284022.5,231,4.339897549920004,4.697186368452451e-08,3798588.095910473
2020-11-10 15:39:59,82.69491525423729,88.16666666666667,1.3175238108045138e-07,6447254.75,52,3.136738224291822,4.257840386393186e-08,4738905.8071592
2020-11-10 15:40:59,80.83333333333333,89,1.3215467729505781e-07,7380890.75,50,5.03377481507555,4.6738808240073176e-08,5849733.699453437
2020-11-10 15:41:59,74.83333333333333,90,1.2958944301686085e-07,4104591,148,5.67792998273921,4.200665674089782e-08,3856759.587682709
2020-11-10 15:42:59,84,90.75,1.2877328298646254e-07,5022647.25,34,5.660388679233963,3.683915577188831e-08,3692516.244526852
2020-11-10 15:43:59,81.53571428571429,91.16666666666667,1.137367140208965e-07,5988779.25,357,6.472370634678847,3.762842112525926e-08,4314842.67195586
2020-11-10 15:44:59,77.69090909090909,91.08333333333333,1.2839987884364438e-07,6987951.25,56,1.333112929441699,3.782595571631433e-08,5449723.631683462
2020-11-10 15:45:59,79.80434782608695,91.08333333333333,1.157884354614014e-07,3776695.5,383,2.8023248517381396,3.9865742499796686e-08,3929659.8366663684
2020-11-10 15:46:59,79.2,91.16666666666667,1.2875815335900053e-07,4759731.5,68,1.7397317800933185,4.0739907428336726e-08,3638044.040066688
2020-11-10 15:47:59,81.2,91.08333333333333,1.1385611059172182e-07,5792899.75,233,1.5790292376436015,3.896425774251821e-08,4127579.8444738397
2020-11-10 15:48:59,80.63333333333334,91,1.3289492636506868e-07,6775435.75,409,2.4897567931203417,3.598408304544942e-08,5130693.971467572
2020-11-10 15:49:59,80,91,1.1353258640671924e-07,3564172,137,3.2155283611732357,3.6425506470124256e-08,4175676.367239624
2020-11-10 15:50:59,74.05454545454545,91,1.2922605656554798e-07,4682392.25,188,2.9751588609574924,3.4780469082923445e-08,3949166.033310221
2020-11-10 15:52:59,78.04,90.41666666666667,1.2452985317801124e-07,6563756,134,5.176717106429518,4.011814328688465e-08,4898297.286598732
2020-11-10 15:53:59,86.21428571428571,90,1.248941491122969e-07,7496576,366,2.5961116921980354,3.8498557660645154e-08,6068345.733861618
2020-11-10 15:54:59,83.89090909090909,90,1.1505400453102165e-07,4336312.25,219,7.146957972764553,3.276243271366146e-08,3872326.2622486614
2020-11-10 15:55:59,71.78333333333333,90,1.2630723833111117e-07,5250692,188,2.3741080196336664,2.9952314145563985e-08,3776161.0391863585
2020-11-10 15:56:59,76.83333333333333,90,1.2234177205222272e-07,6369412.25,212,2.5374965790891006,3.3640068628499344e-08,4662254.11339694
2020-11-10 15:57:59,79,89.91666666666667,1.343825834169631e-07,7249316,167,0.0,2.0955383179193854e-08,5747234.062884598
2020-11-10 15:58:59,73,90,1.1047435598783479e-07,4464536.25,502,1.0690449676496976,3.943206352594354e-08,4588167.617898641
2020-11-10 15:59:59,73.6,90,1.1825724185612567e-07,5151400.25,117,3.5080858978460983,3.680825427323186e-08,3935405.196915521
2020-11-10 16:00:59,77.58333333333333,90,1.2425922872334767e-07,6038408.5,238,2.6601482832520613,3.867760930279257e-08,4347128.440126568
2020-11-10 16:01:59,73.4,90,1.2904486318932442e-07,7752880.5,497,11.2,6.853176470392034e-08,6104737.793804846
2020-11-10 16:02:59,65,90,1.2739835772074323e-07,3728292.75,265,1.8090680674665818,4.0533160450526615e-08,4003831.5718486696
2020-11-10 16:03:59,77.53333333333333,90,1.1757478978349635e-07,4647568.75,439,2.124983660067897,3.455296902402768e-08,3558461.203839967
2020-11-10 16:04:59,75.9,90,1.1648207014470244e-07,6545064.5,275,3.150132272355136,5.627438788755983e-08,5096590.432407018
2020-11-10 16:05:59,76.86666666666666,90,1.2579332050777986e-07,7691920.5,350,3.4422215049134897,5.350448715649773e-08,5917782.119203676
2020-11-10 16:08:59,78.13333333333334,89.75,1.2250409950279347e-07,6379961,137,3.148897514298545,4.2445769686906164e-08,5223572.325211885
2020-11-10 16:09:59,73.72727272727273,90,1.2078920052527872e-07,7104685.25,104,3.6949820787093772,3.344627196803494e-08,5459404.044616334
2020-11-10 16:11:59,77.32203389830508,90,1.2136013374591093e-07,4187517.5,244,3.793127943013687,2.6226204010218597e-08,3716755.841209273
2020-11-10 16:12:59,76.1304347826087,90,1.1458531228158897e-07,5753981.5,299,1.2956229935435948,4.354484844130615e-08,4603746.109106719
2020-11-10 16:13:59,75.98245614035088,90.58333333333333,1.2180947217924522e-07,6774917.25,35,2.2825903111986796,3.830332877417142e-08,5068928.401424722
2020-11-10 16:14:59,72.73584905660377,91,1.1551932494866642e-07,7153029.5,352,1.6500536686094676,3.362600257835371e-08,5617408.223035535
2020-11-10 16:15:59,75.61666666666666,91,9.262798383977172e-08,4040333.75,425,3.9373919738267813,3.1444940775198765e-08,4041828.262213424
2020-11-10 16:16:59,81.44117647058823,91,8.13954981361454e-08,5899417.5,643,7.084328921145303,3.1057411121074506e-08,5238273.613738237
2020-11-10 16:17:59,71.40816326530613,91.75,8.119803072470602e-08,5842845.75,68,1.2108079162605163,5.4317976399382364e-08,4178124.89931682
2020-11-10 16:18:59,73.7,92,1.1496386637562597e-07,6891649.75,537,2.4378952670968728,7.973003917918835e-08,5281050.310665596
2020-11-10 16:19:59,76.36666666666666,92,9.603968478226027e-08,3762814,160,2.6706220665272395,6.745147310708602e-08,4188754.7337369253
2020-11-10 16:20:59,70.49152542372882,92,9.641375872987213e-08,4613298,343,1.5445133220195957,6.38440619055335e-08,3607406.6816209536
2020-11-10 16:21:59,73.23333333333333,91.66666666666667,1.1440685773929264e-07,5596338.25,118,2.1005290338917533,7.533240106780875e-08,3982698.4703637417
2020-11-10 16:22:59,75.16666666666667,91.08333333333333,1.03728959796352e-07,6579378.25,298,3.1684205669211414,6.137418380067972e-08,4950615.953587764
2020-11-10 16:23:59,75,91.08333333333333,9.731743380586427e-08,8899458,269,0.0,5.6093290650866884e-08,7128326.958476231
2020-11-10 16:25:59,,91,8.82458834744095e-08,6870921.75,490,,5.808345362919508e-08,6004530.117055387
2020-11-10 16:26:59,73.23076923076923,91,8.816546081825268e-08,7480738,67,1.8668709383863995,6.087288804809564e-08,5878673.368600734
2020-11-10 16:27:59,73.73684210526316,91,9.639797073877238e-08,7334310.25,500,2.4460947449731054,6.324130670946993e-08,5895338.914161949
2020-11-10 16:28:59,72.8,90.41666666666667,1.122131521025698e-07,4072614.5,314,1.5790292376436015,7.240435368473072e-08,3695401.7558805766
2020-11-10 16:29:59,75.44897959183673,90.08333333333333,1.0767078231719935e-07,5055658.5,502,1.2945919614003025,6.569292001375766e-08,3666660.787838609
2020-11-10 16:30:59,74.43333333333334,90,1.199477817971331e-07,6038698.5,121,1.1599808427536877,7.973726568356186e-08,4362449.264561509
2020-11-10 16:31:59,72.25,90,1.1064908121338387e-07,7936406.5,433,3.775469065780657,6.207451422377122e-08,6256615.247678033
2020-11-10 16:32:59,70.86666666666666,90,1.288282172370508e-07,4815487,173,1.892675942210452,3.38637826549798e-08,5568714.74790759
2020-11-10 16:33:59,73.8,90,1.3412100567403015e-07,5754038.75,232,2.1664102412362563,4.7940025922059336e-08,5110707.858931744
2020-11-10 16:36:59,76.3,90,8.505907537905914e-08,3892119,257,3.179622619116929,3.412509248285723e-08,4572387.392431278
2020-11-10 16:37:59,74.61702127659575,90.08333333333333,7.172969289178133e-08,5254831,680,1.7327040911916878,2.1997294606101264e-08,4712367.327633161
2020-11-10 16:38:59,73.06666666666666,90,1.1520988527440436e-07,5935486.75,77,1.0934146311237816,8.052785724542641e-08,4363068.00954514
2020-11-10 16:39:59,72,90,9.078658177067557e-08,6868914.75,221,1.0645812948447542,6.24252555797046e-08,5130461.379491535
2020-11-10 16:40:59,73.93333333333334,90,1.3127580700087338e-07,8438707,67,1.9821424996424675,5.939189703737444e-08,6760913.769825533
2020-11-10 16:42:59,67.35714285714286,90,1.3296454914536412e-07,2937079.25,34,4.868858419889119,3.027912810389487e-08,2513170.1889968948
2020-11-10 16:43:59,74.55172413793103,90,1.2979694746609102e-07,3620599.5,262,1.620689655172414,3.719091784338268e-08,4403621.03664419
2020-11-10 16:44:59,70.46511627906976,90,1.2927938452746604e-07,4918467.25,52,1.6753873166816629,3.5010372573178315e-08,5878365.139318302
2020-11-10 16:45:59,80.63636363636364,90,1.334409634160273e-07,1968579.5,325,0.7713892158398701,4.079551372509416e-08,459373.3807103433
2020-11-10 16:46:59,75.6,90,1.2567605501210503e-07,2854087.5,86,1.9595917942265424,3.419851882428941e-08,1958003.8542181805
2020-11-10 16:47:59,79.38333333333334,89.33333333333333,1.2553363056320827e-07,3853259.25,88,1.3427790419706274,3.248299452837354e-08,3628017.3103859616
2020-11-10 16:53:59,,86,1.2398318722220474e-07,5961666.75,491,,4.7520855438348956e-08,6305458.948338669
2020-11-10 16:54:59,,86,1.2471855897563765e-07,5609618.75,551,,6.580220434057839e-08,5439874.698619463
2020-11-10 16:57:59,74.6078431372549,85.5,1.2917411315198074e-07,5482975,461,2.77296776935901,5.057248071425458e-08,6011458.85410609
2020-11-10 16:58:59,72.4,85,1.3664319502629416e-07,2140651,540,1.8726095873584185,3.4985667005504704e-08,662374.5605120263
2020-11-10 16:59:59,73.23333333333333,84.91666666666667,1.2725699374022213e-07,2992614.75,152,0.8239471396205517,3.8158706229976834e-08,2329526.051556558
2020-11-10 17:00:59,75.13333333333334,84,1.2486446555354166e-07,4123370.75,84,1.7838784213679537,3.7337102481061687e-08,3924243.3144679866
2020-11-10 17:01:59,76.43333333333334,83.75,1.1727445194082034e-07,5106410.75,234,1.3211947455070943,3.6158695062241707e-08,5619691.577596291
2020-11-10 17:02:59,77.43333333333334,83,1.1744183004340962e-07,1879019,69,1.4647715028479888,3.60549609912362e-08,432059.4433564669
2020-11-10 17:03:59,73.5,82.33333333333333,1.3190425787319596e-07,3025882.75,279,2.7477263328068173,3.8138267791909575e-08,1739373.6222603777
2020-11-10 17:04:59,71,81.75,1.2605025098392348e-07,4025050.75,51,2.0816659994661326,3.67019670573666e-08,3395009.3663245155
2020-11-10 17:05:59,72.93333333333334,80.75,1.2363898829195378e-07,5040342.75,68,1.0934146311237816,3.1523522268719454e-08,5068405.3017537175
2020-11-10 17:07:59,,77.08333333333333,1.1451664539204076e-07,9136598.75,902,,3.834635285402847e-08,6247475.194952132
2020-11-10 17:08:59,,77,9.639248081279934e-08,7054986.75,660,,4.4946119601958416e-08,5884101.363162279
2020-11-10 17:09:59,79,77.16666666666667,8.346787220013411e-08,7686274.5,590,0.0,3.027007990519207e-08,6045411.289677672
2020-11-10 17:11:59,68.86666666666666,78,6.775299707430072e-08,5507495.25,185,1.829996964174774,1.3505723150366154e-08,5397193.576154944
2020-11-10 17:13:59,,78,9.328311916769289e-08,8526471,631,,4.0816806388172904e-08,5173951.45800422
2020-11-10 17:14:59,,78,1.2802443827954476e-07,8726174.75,299,,6.341496027236118e-08,7013993.007527751
2020-11-10 17:15:59,,78,1.32530494446544e-07,5480838.75,321,,5.2160496817748594e-08,5904141.418314325
2020-11-10 17:17:59,,77.08333333333333,1.2585540457119722e-07,6772118.25,833,,3.1452678049515965e-08,6172165.830460503
2020-11-10 17:19:59,148,75.08333333333333,1.1646860815834878e-07,2412817.25,776,0.0,2.4736666113667948e-08,2415060.5643577944
2020-11-10 17:20:59,147.8181818181818,73.25,1.1572967013968203e-07,5444556.5,977,0.5749595745760689,2.3389663692347792e-08,5834680.942846596
2020-11-10 17:21:59,148,70.91666666666667,1.0312164163641704e-07,10604163.75,799,0.0,3.382722375616603e-08,6026935.455899597
2020-11-10 17:22:59,,68.41666666666667,8.974286223129814e-08,6502879.5,755,,3.460478601564745e-08,5683416.121120532
2020-11-10 17:23:59,148,65.41666666666667,1.0573992509454354e-07,8342651,968,0.0,2.9403651053731715e-08,7435118.045234891
2020-11-10 17:24:59,,62.5,8.398998907507831e-08,6196670.75,783,,2.9152921597150437e-08,6175590.080376343
2020-11-10 17:25:59,,59.833333333333336,7.045338241661269e-08,8211902.25,823,,1.4551076852462543e-08,5537391.354750194
2020-11-10 17:28:59,,51.583333333333336,1.4425546827846316e-07,3902973.75,798,,8.904714546927274e-08,4103329.6843912858
2020-11-10 17:29:59,,49.25,1.3167752777234463e-07,2788861.25,925,,7.645723544246959e-08,2806430.1362859877
2020-11-10 17:31:59,,45.5,1.279682154911181e-07,10898593,630,,3.870333429601784e-08,6000235.006473205
2020-11-10 17:33:59,,41.833333333333336,8.873050603103625e-08,3655588.75,565,,4.133697989351466e-08,2778131.6656091353
2020-11-10 17:39:59,,37.25,1.2673424483530433e-07,11215985,377,,5.6225221164003733e-08,5830862.2001348995
2020-11-10 17:40:59,,36.416666666666664,1.2585487706999342e-07,6923885,648,,5.049551896634733e-08,6324974.501972518
2020-11-10 17:41:59,,35.5,1.1831914515492604e-07,8921640.75,507,,5.354928841664244e-08,6248771.407251764
2020-11-10 17:42:59,131.8,34.25,1.0159273700130361e-07,8725020.5,768,1.4236104336041748,5.0450180752398307e-08,4888818.691968055
2020-11-10 17:43:59,,32.25,9.954081195531413e-08,9882204,739,,4.505465940801184e-08,5335352.949323831
2020-11-10 17:46:59,146.10714285714286,,1.2057764174397464e-07,8633780,859,1.5775044875255555,4.1373469047718326e-08,5227319.965285223
2020-11-10 17:47:59,148,,1.193766420267428e-07,7586775.75,576,0.0,6.827341994987097e-08,6168059.037861723
2020-11-10 17:49:59,,,1.1703860176425618e-07,6487459,663,,5.082532616167426e-08,5953400.313943495
2020-11-10 17:50:59,148,,1.1550848312590039e-07,8486054.5,621,0.0,8.054185019954796e-08,5475004.5558387665
2020-11-10 17:51:59,51,,1.1616556630710672e-07,9501834,468,0.0,7.36115521082855e-08,5360807.594127726
2020-11-10 17:52:59,51,,1.323079034089645e-07,9420197.75,633,0.0,8.383275835037197e-08,6015811.584119568
2020-11-10 17:53:59,,,1.431928522217465e-07,7257505.75,679,,8.373372025560142e-08,6395380.887540217
2020-11-10 17:57:59,98,,1.4355699786193462e-07,3989903.5,637,0.0,8.564426905884489e-08,4903098.848757207
2020-11-10 17:58:59,77,,1.2000334080445555e-07,4645752.5,485,0.0,7.739721942594333e-08,3963957.053039204
2020-11-10 18:00:59,,,1.585872649141038e-07,6724489.5,34,,5.713045442168215e-08,4987105.103017005
2020-11-10 18:01:59,,,7.848422239538892e-08,7772854,101,,3.017968853377078e-08,6230113.1620855415
2020-11-10 18:03:59,84.08333333333333,31,1.3841939438717489e-07,5429387.25,103,0.7808471183414986,4.821639353987028e-08,3996908.563961426
2020-11-10 18:04:59,82.76470588235294,35.25,1.3752443928606842e-07,7367068.5,88,7.806704597856941,5.87134277959074e-08,5854122.695891396
2020-11-10 18:05:59,80.40425531914893,41.666666666666664,1.2496606617524822e-07,7545508.5,166,7.67050048151617,4.630856351155011e-08,5896286.962827941
2020-11-10 18:06:59,82.32203389830508,46.666666666666664,1.3086866102942684e-07,4684173.5,51,4.288102096740613,5.361770009843777e-08,4967309.289035891
2020-11-10 18:07:59,79.22033898305085,50.5,1.301747718188052e-07,5200789.75,50,9.714688854827386,3.587285307468707e-08,3974674.8113871766
2020-11-10 18:08:59,83.6,54.333333333333336,1.2710399681470875e-07,6679982.5,99,0.8,4.6229171644475376e-08,5096907.146694773
2020-11-10 18:09:59,74.85,60,9.099364387806605e-08,4874743,357,8.855930216527229,6.54094820118012e-08,5149159.654854518
2020-11-10 18:11:59,82.61764705882354,66.58333333333333,1.574775211632454e-07,5106104.25,260,2.401160330810097,5.7911959699394356e-08,4229075.623374532
2020-11-10 18:12:59,83.92682926829268,69,1.1729798791660378e-07,6056064.75,189,0.7119277814305572,4.393905803682165e-08,4424282.984952725
2020-11-10 18:13:59,86.6,71.16666666666667,1.1964112650449082e-07,7038849,294,1.171893055416463,4.7652403174740735e-08,5275419.785489824
2020-11-10 18:14:59,87.66666666666667,74.25,1.2174035548890172e-07,8544685.25,181,3.0804040139061124,4.663832051806681e-08,6891691.114269646
2020-11-10 18:15:59,84.33333333333333,77.5,1.214421964150488e-07,5584526.25,152,1.2064640713902572,5.1423365011568753e-08,5566509.65745598
2020-11-10 18:16:59,85.18333333333334,79.91666666666667,1.2735078096079827e-07,6531766.5,354,2.6235578048816754,8.148563707060599e-08,5494657.342757349
2020-11-10 18:17:59,86.7,82.08333333333333,1.1444734185291403e-07,7895694.75,68,2.2752289262108696,6.565692352539871e-08,6413478.812844413
2020-11-10 18:18:59,85.76666666666667,84.58333333333333,1.2877168918440857e-07,5044679,85,0.6420453428086074,7.307359203437901e-08,6107917.746107874
2020-11-10 18:19:59,86.5,85.66666666666667,1.3546824319693284e-07,1718499.5,68,1.2974333637352375,7.102346084312306e-08,816359.1188078626
2020-11-10 18:20:59,90.53333333333333,87.08333333333333,1.4975894314761822e-07,2767315.5,411,2.4729649321321876,6.741364091617127e-08,2311989.5513390084
2020-11-10 18:21:59,89.16666666666667,88.25,1.0191119744487378e-07,7392163.5,102,3.4888711959919387,5.430575426563756e-08,5938817.475868428
2020-11-10 18:22:59,86.72413793103448,89,1.143211828355555e-07,8332972,455,4.253976247231467,5.713533024837046e-08,6626582.536532764
2020-11-10 18:23:59,86.4,89,1.1491254030874922e-07,4315827.75,202,0.8793937305515279,5.193570254936447e-08,4481539.720226597
2020-11-10 18:24:59,85.8,89.75,1.0883280296798906e-07,5412747.75,137,3.1559467676119,4.3414210242400145e-08,4483582.9931912925
2020-11-10 18:25:59,83.71666666666667,90,8.81789367790398e-08,6445204,187,0.9502923526765622,4.090553074464383e-08,4941330.872628294
2020-11-10 18:26:59,83.9,90.66666666666667,6.584589983946543e-08,7424428,217,0.7,1.7131071983627604e-09,5811197.3077627905
2020-11-10 18:28:59,82.95918367346938,92.33333333333333,6.986943620382856e-08,4787644.75,50,1.1598589582353325,1.8099402170639907e-08,3854758.6922013923
2020-11-10 18:29:59,75.375,93,6.598246382940872e-08,5706921,339,11.709371246996996,1.748153195731313e-09,4085953.567375185
2020-11-10 18:30:59,82.30434782608695,93,6.965125745521119e-08,6706865,101,1.3967285568877401,1.7822890223594852e-08,5026558.182240607
2020-11-10 18:31:59,82.82758620689656,93,6.930608881866323e-08,7771021.25,135,0.6469538979066799,1.790752492786901e-08,6301787.882831839
2020-11-10 18:32:59,77.81481481481481,93,7.019777529092209e-08,4609465.5,402,3.4964218433202805,1.9065650448364153e-08,4037154.4008187563
2020-11-10 18:33:59,75.8,93,6.979499243963528e-08,5592733.5,137,5.075431016179809,1.7790762804271336e-08,4098234.526620243
2020-11-10 18:34:59,67.58536585365853,93,6.943175825537734e-08,6543765.5,246,8.006020934747456,1.7531084845310443e-08,4804436.124838611
2020-11-10 18:35:59,79.86440677966101,93,6.546880626699734e-08,7494285.75,141,9.485863928952286,9.8567869859703e-10,5941058.1220293315
2020-11-10 18:36:59,78.75,93,6.540870272308093e-08,4348066,83,0.6614378277661477,1.3391270883262418e-09,4095888.338430505
2020-11-10 18:37:59,79,93,6.575324826508761e-08,5445534,206,11.0,1.1175609773401855e-09,4177265.2469177726
2020-11-10 18:38:59,71.33333333333333,93.08333333333333,6.624838699331699e-08,6328482,215,13.199326582148887,1.347106937155789e-09,4605902.282926441
2020-11-10 18:39:59,83,93.41666666666667,6.658839072527316e-08,7232646,303,0.0,6.462175403539154e-10,5603143.922439526
2020-11-10 18:40:59,82.71698113207547,93.58333333333333,6.638570389194846e-08,4019850.25,116,1.8364995260217094,6.539294542859338e-10,4123590.3210592694
2020-11-10 18:42:59,78.88888888888889,93,1.226535491992013e-07,6034582.5,303,0.4581228472908512,3.3813266165338454e-08,4355535.786910291
2020-11-10 18:43:59,84,93,8.293277300540996e-08,6955914.75,101,0.0,3.5445810791470204e-08,5270870.804787639
2020-11-10 18:44:59,,93,7.221194594118134e-08,3694778.75,509,,2.0772661776012333e-08,4234315.520268085
2020-11-10 18:47:59,81,93,6.521355096466197e-08,6725519,102,0.0,6.611004249188553e-09,4997570.649702313
2020-11-10 18:48:59,82.17647058823529,93,6.372189431825158e-08,7611055,505,1.9921993202207176,6.149291505441482e-10,6184360.201042465
2020-11-10 18:49:59,83,93,6.605775974192056e-08,4430787.25,186,0.0,8.97446119280737e-09,3863460.581328246
2020-11-10 18:50:59,85.9,92.33333333333333,1.10274305462233e-07,5841571.25,51,0.43588989435406733,5.7629366873311725e-08,4532667.6303163
2020-11-10 18:51:59,83.95833333333333,91.83333333333333,1.0736817537907579e-07,6820527,140,0.19982631347136331,3.990020065968876e-08,5275655.284716345
2020-11-10 18:52:59,78.54716981132076,91.08333333333333,1.1710439092624599e-07,7631007.25,186,5.1158873434416785,4.85489905039101e-08,6072049.969071663
2020-11-10 18:53:59,82,91,6.906778578551776e-08,4236679.5,63,5.0990195135927845,1.2687108079519744e-08,4048082.904704429
2020-11-10 18:54:59,85.68888888888888,91.66666666666667,7.330920748158661e-08,5679755.5,285,0.8385761006272536,2.8313689023707444e-08,4597014.001655014
2020-11-10 18:55:59,81.36363636363636,91.91666666666667,1.0487355178000776e-07,7045299.5,423,2.2872264773471134,4.355211274136113e-08,5536377.008526447
2020-11-10 18:56:59,,92,1.3495064398225755e-07,5454039.5,277,,2.01673197316645e-08,5062850.900335131
2020-11-10 18:57:59,82.49122807017544,91.33333333333333,1.2403804015013154e-07,2324679.75,68,1.7782586299527803,2.2831975157088405e-08,1366352.1457860663
2020-11-10 18:58:59,86.61538461538461,91,1.1673601641760675e-07,3209435.75,356,1.1235334512926485,1.770684342192693e-08,1516854.0321125786
2020-11-10 18:59:59,86.39024390243902,91.5,1.250611546937833e-07,4098791.75,200,2.173880971234848,2.1051951225266073e-08,3003821.8165966813
2020-11-10 19:01:59,,92,9.418821954510062e-08,7069223.5,744,,4.634048755024565e-08,6715856.853072231
2020-11-10 19:02:59,57.125,92.5,1.1389529816096563e-07,1966335.5,753,1.5761900266148114,3.336179833042844e-08,1426568.2186494798
2020-11-10 19:05:59,,91.25,7.566306370890415e-08,4863718.5,523,,2.5547815272234433e-08,6396576.104923067
2020-11-10 19:07:59,,89,1.1513721933153205e-07,6715822.5,343,,4.1041845577923186e-08,5956847.325922853
2020-11-10 19:08:59,,89,1.1295345001140496e-07,7437734.75,491,,4.117490159843464e-08,5876079.074572107
2020-11-10 19:09:59,,88,7.278497284630127e-08,4699646.75,434,,2.0155682521008308e-08,5873505.762129819
2020-11-10 19:13:59,,86.83333333333333,1.0980994252626883e-07,10427906,454,,4.803232643577042e-08,5681300.330164521
2020-11-10 19:14:59,,86,1.1547253306942347e-07,5099190.25,497,,4.5555635918863724e-08,6368404.199124942
2020-11-10 19:15:59,,85.08333333333333,1.1354331511340158e-07,6009262.5,535,,4.152138504798023e-08,5774350.851437436
2020-11-10 19:16:59,89.0909090909091,84.83333333333333,1.3036269551421395e-07,3077118.75,385,1.7814470856604931,4.335872077447344e-08,3390663.5885621547
2020-11-10 19:17:59,90.55555555555556,84.41666666666667,1.2400866181608059e-07,4284886.5,1000,0.8958064164776166,3.3769790908358506e-08,4893468.99071704
2020-11-10 19:18:59,,84,9.445563744918633e-08,5096158.5,401,,3.669211070642971e-08,6703397.195335306
2020-11-10 19:19:59,,84,1.1302138783741438e-07,5920646.5,593,,3.9262426414279726e-08,6141402.497337009
2020-11-10 19:22:59,63,82.58333333333333,1.1934004689533237e-07,11786102.75,503,1.632993161855452,4.512212660125126e-08,6108821.774061606
2020-11-10 19:25:59,67.92307692307692,81,7.888487374158759e-08,6331538.5,177,0.9166442529086912,3.0671238531928856e-08,4597269.8568579
2020-11-10 19:26:59,78.30508474576271,80.16666666666667,6.95706086885254e-08,7679654.5,375,6.076501662177447,2.116921325072983e-08,6003147.39365362
2020-11-10 19:27:59,82.33333333333333,80,6.477726395600485e-08,4769462.75,376,1.1785113019775793,7.496493884790933e-10,5337153.055446713
2020-11-10 19:28:59,81.46666666666667,80,6.412196677401325e-08,5736114.75,106,1.4313940369055926,4.976805249209002e-10,5008787.661512333
2020-11-10 19:29:59,84.03846153846153,78.83333333333333,6.780839500198658e-08,6770871,51,0.274670324174725,2.0901892372508205e-08,5342690.390365934
2020-11-10 19:30:59,83.44680851063829,77.08333333333333,6.536392491010877e-08,7689615,360,0.6122338114867302,6.548091208132463e-09,5979401.248555619
2020-11-10 19:31:59,81.51666666666667,77,6.351353673735873e-08,4580275.5,67,1.7174755375906297,7.425545763846833e-10,5594981.095550033
2020-11-10 19:33:59,73.9,78.5,6.382563841974099e-08,6587311.5,645,6.9873695575182895,1.962770689007307e-09,5301012.892567443
2020-11-10 19:34:59,86,79,6.861223947234922e-08,4001791,693,0.0,3.0122732541233445e-08,4928964.405958163
2020-11-10 19:35:59,,79,7.02976080340599e-08,8914315,173,,3.122979578800943e-08,7234934.125054803
2020-11-10 19:37:59,,79,6.564562660952071e-08,6892955.5,530,,8.993555360253396e-09,6078113.879415616
2020-11-10 19:38:59,,79,6.44984801168621e-08,3858419.25,773,,1.1461527589496453e-09,4395250.1834720615
2020-11-10 19:39:59,87.84615384615384,79,8.858108084590397e-08,5349095.5,52,0.532938710021193,6.43938794721149e-08,5786826.585963394
2020-11-10 19:40:59,,79,1.0738495133247666e-07,5691287.75,118,,5.48909061603666e-08,6411950.361816924
2020-11-10 19:41:59,,79,6.778570424869212e-08,6531220,549,,1.4560507124326295e-08,5868474.865420103
2020-11-10 19:42:59,,79,6.488415553481482e-08,7543471.75,535,,1.101062234730731e-09,6208767.192013579
2020-11-10 19:44:59,,79.91666666666667,6.364149160285222e-08,3699740.25,437,,1.028220414040746e-09,4070931.202667602
2020-11-10 19:46:59,62.375,80,6.65020701047782e-08,7145120.5,766,17.1204373483857,6.473765460403067e-09,5791508.476586281
2020-11-10 19:47:59,98,80,6.631659549659949e-08,8108712.5,106,0.0,6.18197318028269e-09,6355992.186324552
2020-11-10 19:48:59,98.75,80.5,6.706336803348428e-08,4856508.75,193,0.4330127018922193,8.692010343250754e-09,6160327.563379092
2020-11-10 19:49:59,97.81666666666666,81.41666666666667,6.498490991200146e-08,5179812.75,105,4.496263881144976,1.875934784826564e-09,4548454.545702769
2020-11-10 19:50:59,99.39622641509433,82.25,6.519085902283591e-08,6178989,148,4.113207547169811,7.601708428211731e-10,4703542.853252057
2020-11-10 19:51:59,102.33962264150944,84.08333333333333,6.54979309834357e-08,7114389,816,2.4180406556378555,1.43816775796806e-09,5345163.5777606005
2020-11-10 19:52:59,100.68333333333334,86.33333333333333,6.518542075355002e-08,8177329.25,88,2.48657506533697,9.675140825609883e-10,6496299.615508754
2020-11-10 19:53:59,95.94545454545455,89.25,6.539500528423534e-08,5080969.75,51,3.2608876751203906,1.1168260088579227e-09,4862207.518510053
2020-11-10 19:54:59,98.625,92,6.54100000869144e-08,6502173.75,50,1.5761900266148114,9.233384536202422e-10,5515396.857899683
2020-11-10 19:55:59,100.1,93.91666666666667,6.562996707348762e-08,7200454,187,1.4224392195567912,1.0564025981234264e-09,5561795.1057460755
2020-11-10 19:58:59,80.80952380952381,97.5,8.556548218877519e-08,2466522.5,52,7.512649951718245,3.633874354300701e-08,2273628.919469105
2020-11-10 19:59:59,83.91666666666667,98.41666666666667,1.2820460680215323e-07,7043751.25,68,2.2970391570212487,3.777037178118802e-08,5607259.960316731
2020-11-10 20:00:59,88.06666666666666,99.75,1.1527928656003563e-07,7903939,85,2.096558025802185,4.3241037874658283e-08,6224096.85716237
2020-11-10 20:01:59,89.73333333333333,101,6.62388847420731e-08,4346567.25,69,0.9977753031397177,1.220133957027552e-09,4841913.711545073
2020-11-10 20:04:59,86.26923076923077,103,6.552604245480315e-08,7456179.5,273,1.7986681463215264,8.972983061114083e-10,5684039.832648321
2020-11-10 20:05:59,85.42857142857143,103,6.559506479713878e-08,4736691.75,50,1.7612611437054218,1.5335222637148324e-09,6080981.579852112
2020-11-10 20:06:59,89.5,103.83333333333333,6.618025413601604e-08,5468824.25,445,2.411776661854631,1.1987788668100539e-09,5276412.859618804
2020-11-10 20:07:59,85.7,104,6.605205127040336e-08,6436020.5,104,1.6258331197676263,1.2643739657829697e-09,5418343.681325064
2020-11-10 20:08:59,87.36666666666666,104.75,8.750460397260749e-08,7419532.5,73,1.9829831623647798,4.3668861763428914e-08,5839337.296948966
2020-11-10 20:11:59,85.12765957446808,105,9.555057820460532e-08,6801856.5,51,1.619259369399187,3.876356346467033e-08,6096089.859090887
2020-11-10 20:12:59,83,105,6.879843588986098e-08,7162516.5,53,2.3198746047616843,1.7849594639734197e-08,5481214.18576165
2020-11-10 20:15:59,87.46153846153847,104.25,7.030495864394544e-08,6068143.75,728,4.422240723632249,1.9448575909921346e-08,5366607.337337034
2020-11-10 20:16:59,59.21212121212121,102.66666666666667,6.587965981098431e-08,6532788,282,11.321092076451345,1.805574260963172e-09,4906193.870437195
2020-11-10 20:17:59,80.64,101.41666666666667,6.964082072907923e-08,7449484,492,3.761701742562799,1.7839870433892367e-08,5695031.744145725
2020-11-10 20:18:59,81.69767441860465,99.91666666666667,6.551668040055195e-08,4763320.25,137,1.9112261219818005,1.0681665673498087e-09,5717326.646772133
2020-11-10 20:19:59,84.5625,99,6.572695538219645e-08,4727436.25,271,0.998044963916957,8.9787054625524e-10,3649289.7847423255
2020-11-10 20:20:59,83.36666666666666,98.66666666666667,7.215612205968219e-08,5709972.25,51,0.4818944098266987,2.4943554492783974e-08,4056090.341267646
2020-11-10 20:21:59,82.48333333333333,99,7.204911978042846e-08,6725792.25,36,1.419996087631543,2.4977280094663445e-08,5064666.796472862
2020-11-10 20:22:59,83.71666666666667,99.5,6.55772420693383e-08,7708840.5,89,0.896133670584671,1.2068206021833233e-09,6350066.7006577775
2020-11-10 20:25:59,87.18,103.66666666666667,6.551370932422745e-08,6350249.25,52,2.5509998039984243,1.6522388341566765e-09,4695884.971731068
2020-11-10 20:26:59,85.18181818181819,103.91666666666667,7.02632856530863e-08,7333541.25,67,1.3085857611233878,1.7720311570484067e-08,5949964.2558882395
2020-11-10 20:27:59,83.72916666666667,104.66666666666667,6.905786588147204e-08,4072645.5,255,0.8351542605344768,1.7911537293625033e-08,3593756.34056585
2020-11-10 20:28:59,84,104.91666666666667,6.585132451316861e-08,5120425.5,87,1.449137674618944,1.4270536101398956e-09,3691615.0235693255
2020-11-10 20:29:59,82.11666666666666,105.25,6.891567980321258e-08,6444693.5,52,1.3551342696902358,1.7965474842961658e-08,4719629.140754891
2020-11-10 20:30:59,84.68,106,6.902230084874845e-08,8250269.75,50,1.502531197679436,1.7936163351079627e-08,6476425.456962173
2020-11-10 20:31:59,84.63636363636364,106,6.577453002153079e-08,4368574,71,1.1096868741576094,1.2830877304317564e-09,4608357.152748634
2020-11-10 20:32:59,68.95652173913044,106,6.627587825467848e-08,4976330,118,13.66518349952222,1.060372117708009e-09,3790594.4328974974
2020-11-10 20:33:59,74.83050847457628,106,6.894688627808884e-08,5824921.75,517,11.611146810282273,1.7613722212378e-08,4158502.8730574045
2020-11-10 20:34:59,83.45,105,6.913935929862274e-08,6807714,206,0.7399324293474371,1.7908166502661287e-08,5248834.895583924
2020-11-10 20:35:59,81.66101694915254,105.66666666666667,6.564169782453149e-08,3596450.25,206,11.38183234107719,1.0572008594450726e-09,3937330.8020047904
2020-11-10 20:36:59,75.77966101694915,106,7.605680277410779e-08,4595630.25,68,12.557755111659588,2.6539189681923926e-08,3578611.376216435
2020-11-10 20:37:59,83,106,6.994998391151645e-08,5595062.25,67,0.8366600265340756,2.0672459837156105e-08,3981094.26845405
2020-11-10 20:38:59,71.61538461538461,106,7.551423318120857e-08,6545814.25,188,15.554066802056632,3.243667363813554e-08,4924363.444354376
2020-11-10 20:40:59,85.8,106,1.1304669740478268e-07,4267682.5,136,1.2489995996796797,5.1593068624035827e-08,3534577.834247854
2020-11-10 20:41:59,80.7,105,8.160926633036682e-08,5250474.5,171,3.684652855652302,3.822175710796007e-08,3735934.3866353235
2020-11-10 20:42:59,82.21666666666667,105,7.024573295560441e-08,6233514.5,51,1.111930253608062,1.9335889039702442e-08,4606769.850431455
2020-11-10 20:44:59,81.38333333333334,104,1.2050165334230268e-07,4961955.25,52,1.427020984039439,3.821838419167397e-08,5226978.841856373
2020-11-10 20:45:59,81.66666666666667,104,1.1982497465525006e-07,5994167.25,68,1.1642832797715321,4.315628082433719e-08,5114538.472843487
2020-11-10 20:47:59,85.5,104,1.1178455940989464e-07,7783343,566,3.3090784215548594,5.051523579633873e-08,6079965.944971361
2020-11-10 20:48:59,81.6,104,1.2698057054271896e-07,3744423,67,1.2274635093014645,4.287117674473937e-08,3754368.2498186696
2020-11-10 20:49:59,91.85714285714286,104,9.307231171772429e-08,5586339.25,18,8.638428617497041,3.789255047864889e-08,4872731.871504596
2020-11-10 20:53:59,87.27272727272727,102.5,1.206876062519916e-07,5106879.25,537,2.7794999252942505,6.757145179140643e-08,4501657.412670603
2020-11-10 20:54:59,86.88135593220339,101.5,1.2916890288506925e-07,5552543,50,3.513097748222572,8.195419169263921e-08,3963359.440462409
2020-11-10 20:55:59,90.36363636363636,100.16666666666667,1.126735724159112e-07,6535079,69,1.4316377952748747,6.978512661030424e-08,4890968.006691365
2020-11-10 20:56:59,91.63333333333334,99.91666666666667,1.0829846070602132e-07,7534259,266,1.9490738541391623,6.1926925286418e-08,6167458.963595826
2020-11-10 20:57:59,92.84210526315789,99,1.0491541521516325e-07,4339655.25,112,0.9874559494365115,4.7634781294718545e-08,3745803.6212426685
2020-11-10 21:00:59,85.03846153846153,100,1.2130558639504748e-07,10784786.75,109,1.5437409415684213,4.6381202744170724e-08,5863821.575588329
2020-11-10 21:01:59,84.4,100,1.2173960121001532e-07,1507583,67,1.7435595774162693,3.7384254629429826e-08,902522.0116529014
2020-11-10 21:02:59,86.36363636363636,100,1.1520488496177777e-07,5775799,18,1.0155810940922867,4.4754829114080126e-08,4788095.602549097
2020-11-10 21:03:59,88.72222222222223,100.5,1.1171943950262791e-07,6093747.25,442,3.540331992523293,4.6588797920868835e-08,4426543.239589125
2020-11-10 21:04:59,83.83333333333333,101,1.2050610340427025e-07,6961867.5,279,1.1130538571376,6.571142699964084e-08,5457922.824651449
2020-11-10 21:05:59,84.18333333333334,101.08333333333333,1.1736068955380235e-07,3733691.75,67,2.8547718336536496,4.93229717349003e-08,3890535.0310935625
2020-11-10 21:06:59,84.31666666666666,101.83333333333333,1.2507959434906838e-07,4700075.75,184,2.2247971193396987,4.432823752817411e-08,3581075.6056042975
2020-11-10 21:07:59,83.09615384615384,101.33333333333333,1.0453808736863406e-07,6894519.75,268,1.1645338351694372,4.724471585580309e-08,5570757.311356884
2020-11-10 21:08:59,87.5,101.16666666666667,1.2869853201876702e-07,6941848,181,8.137291763319004,7.431837006152304e-08,5263723.75777809
2020-11-10 21:11:59,,100.83333333333333,1.1745965083803336e-07,2883547,418,,5.29699138726372e-08,3058108.560588391
2020-11-10 21:12:59,83.08695652173913,99.58333333333333,1.0630325326983861e-07,7535026.75,538,1.471853119983544,5.8992109616144625e-08,5875347.5283865705
2020-11-10 21:13:59,77.83333333333333,97.58333333333333,1.4121944455182398e-07,5576678.25,218,1.5184055965240497,7.709414830184225e-08,5965910.436397926
2020-11-10 21:15:59,,94.58333333333333,1.206597298992146e-07,9578466.25,445,,3.44116898449351e-08,5858966.877481232
2020-11-10 21:16:59,,91.25,1.1952082359476975e-07,4208106,326,,7.803506707779834e-08,3880325.822850254
2020-11-10 21:17:59,53.30434782608695,89.08333333333333,1.2657110843357403e-07,5158382,36,0.6874516652539955,7.52510212960442e-08,5591369.346629008
2020-11-10 21:18:59,73,88.08333333333333,1.4402572474172574e-07,1849310.5,51,7.274824872330393,7.190953360859571e-08,433012.1059130449
2020-11-10 21:19:59,71.89285714285714,89,1.4032187662452963e-07,6256038.5,334,9.387831355058548,6.43220839823275e-08,5637162.128167971
2020-11-10 21:20:59,74.89473684210526,89,1.1758157088929772e-07,3716858.5,283,6.370668010158762,6.256479870173346e-08,3559689.3425307847
2020-11-10 21:21:59,79.6923076923077,89,1.446702776158824e-07,8180638.25,275,10.964169724674974,7.107711742684293e-08,6464780.915903546
2020-11-10 21:22:59,70.97560975609755,89,1.5700301215043444e-07,1293286.75,234,7.912595099811651,7.123673775894577e-08,644063.7286314821
2020-11-10 21:23:59,78.22222222222223,88.75,1.3901990647783073e-07,5939382.25,312,4.6254796214441445,4.421770278656769e-08,5618323.208023964
2020-11-10 21:24:59,72.13953488372093,88,9.698215934279066e-08,6258870,833,2.4359840697997206,4.988251440675784e-08,4805023.001135322
2020-11-10 21:25:59,71.1063829787234,87.16666666666667,1.2154637890119148e-07,6728854.25,83,6.168671854546323,3.4605249727988284e-08,5067095.335563382
2020-11-10 21:26:59,62.19512195121951,86.16666666666667,1.06333692978729e-07,7713426.25,347,3.9212959044802718,3.2785141754711406e-08,6352261.410279192
2020-11-10 21:27:59,68,84.91666666666667,7.529064369770452e-08,4452802.5,310,0.0,2.847636819929743e-08,3685310.2844623886
2020-11-10 21:28:59,,83.5,9.665070074182968e-08,5468562.25,249,,3.737606257973056e-08,3906783.17510016
2020-11-10 21:30:59,63.625,80.83333333333333,1.236120189868149e-07,7893186.25,220,4.29934588047996,3.789130667197233e-08,6275928.978938312
2020-11-10 21:31:59,78.25925925925925,80,1.2750333216165424e-07,1912570.25,114,0.9658077637337258,4.566441740505257e-08,686184.110313105
2020-11-10 21:32:59,82.8,79.16666666666667,1.137192802826098e-07,6169006,99,1.3266499161421599,5.106725991334782e-08,5180060.10309451
2020-11-10 21:33:59,,79.25,1.2992162040643125e-07,7240342,167,,4.3451610135501315e-08,5625632.702740955
2020-11-10 21:34:59,90,79,1.1810453971302543e-07,4702934,248,0.0,4.8972120501011077e-08,5721652.282236356
2020-11-10 21:35:59,77,78.5,1.3045090124917403e-07,4781978,103,18.384776310850235,4.22323683693546e-08,5214719.53854879
2020-11-10 21:36:59,67.71186440677967,78,1.2235144124768058e-07,5895849.75,120,8.411152498587565,3.0157897935905624e-08,5117643.269758618
2020-11-10 21:37:59,74.13333333333334,77.33333333333333,1.247970347398894e-07,6881181.5,51,1.4313940369055924,3.557927395596015e-08,5349096.22537913
2020-11-10 21:38:59,76.9090909090909,77,1.3088401803181674e-07,7864985.75,151,0.4165977904505309,3.2195145257804795e-08,6066702.435748904
2020-11-10 21:39:59,,76.41666666666667,1.3271300392853217e-07,4800425.75,52,,3.24559295675357e-08,5869237.643462836
2020-11-10 21:40:59,66.25,75.66666666666667,1.253474571344413e-07,5817001.75,69,4.621056877670591,3.513120623473042e-08,5460112.539029318
2020-11-10 21:41:59,78.53488372093024,75,1.2873447114555793e-07,6783401.5,166,1.7698881479479487,3.127640154887084e-08,5479175.895115729
2020-11-10 21:42:59,77.45833333333333,74.08333333333333,1.2428811077192636e-07,7733669.5,293,1.5937159582421065,2.0394360506603814e-08,5988745.595313701
2020-11-10 21:43:59,,73.33333333333333,1.2951068626675392e-07,8800669.25,125,,2.4452770137346052e-08,7006447.602916594
2020-11-10 21:45:59,,72,1.190625612553329e-07,6688145.5,323,,3.262926929198888e-08,5676428.355471621
2020-11-10 21:46:59,,71,1.393062974722395e-07,7741365.25,81,,7.118712407451816e-08,6219878.816720241
2020-11-10 21:48:59,81.43859649122807,70.75,1.3476753646605774e-07,5061021.75,69,3.7135009436155126,5.785784763044176e-08,5250808.651462095
2020-11-10 21:49:59,79.9090909090909,70,1.3495487095690123e-07,6126245.75,51,1.7120541687061253,5.395278572677113e-08,5173260.257021793
2020-11-10 21:50:59,53.125,69.58333333333333,1.4905066097637717e-07,7323057.5,255,0.33071891388307384,6.157396376770518e-08,5789335.692989676
2020-11-10 21:51:59,81.96,69,1.299326637477488e-07,8141481.5,105,0.9991996797437437,5.054944097262955e-08,6336853.804124903
2020-11-10 21:53:59,66.44444444444444,68,1.6976205064533792e-07,6322365.75,769,11.691507944858582,1.4587580682779028e-07,5941815.157965762
2020-11-10 21:54:59,51,67.58333333333333,1.6133637469352097e-07,6401209.5,136,0.0,7.497518927255791e-08,4821960.364636695
2020-11-10 21:55:59,58.833333333333336,68,1.7631303223466194e-07,7319949.75,174,3.996526269427266,1.122084228333592e-07,5553895.240053388
2020-11-10 21:57:59,80.9,67,1.2850344328046626e-07,5458582,532,2.6627053911388696,5.31564479060827e-08,5018015.15869766
2020-11-10 21:58:59,82.40425531914893,66.75,1.4248150812691574e-07,6655917.75,289,1.2144445270493902,6.409776643257511e-08,5441514.788723742
2020-11-10 22:00:59,80.14285714285714,65.58333333333333,1.396963512607906e-07,8324553.75,445,1.290467404644139,4.671038148376971e-08,6637847.651928838
2020-11-10 22:01:59,77.25,65,1.2400305285973561e-07,5338046,510,1.355544171172596,5.746988362482248e-08,5339988.302721599
2020-11-10 22:02:59,83,65,1.5393926662878363e-07,6281649.75,52,5.976967285424481,7.675310971819424e-08,5207345.807379484
2020-11-10 22:03:59,75.27272727272727,65,1.3791882051326995e-07,4166650,85,3.0027535572570443,6.387201317353505e-08,4049457.057940854
2020-11-10 22:05:59,75.27906976744185,65,1.3692328911721475e-07,4230574.25,296,4.389869847068621,5.655400267126045e-08,4110115.7080154917
2020-11-10 22:06:59,76.73684210526316,65,1.3662819296157113e-07,5842614.5,356,3.2822024900355506,9.506978116408265e-08,4895154.232324069
2020-11-10 22:08:59,76.03333333333333,65,1.262704366531217e-07,7380394.25,103,2.9550333707459586,4.892979857960689e-08,5684366.182845514
2020-11-10 22:09:59,72.1,65,1.269470259510062e-07,4297890.25,68,1.3379088160259651,2.2049527974411274e-08,4722905.784531244
2020-11-10 22:11:59,74.86206896551724,64,1.1650285529737327e-07,5810582.5,369,1.888698474155745,3.2964748128821155e-08,4319842.955941483
2020-11-10 22:12:59,74.75757575757575,64,1.2677966130799234e-07,4374242.75,457,2.1324378285768706,2.701124961638292e-08,4999447.662732673
2020-11-10 22:14:59,77.60344827586206,63.083333333333336,1.2256983673571432e-07,5812362.75,136,4.947795242789054,2.3932417679521623e-08,5860780.371890819
2020-11-10 22:15:59,73.63333333333334,63,1.371726162860989e-07,5666742.75,104,2.792649080870865,2.2653945321104805e-08,4194457.278211174
2020-11-10 22:16:59,69.14285714285714,63,1.2497974032415091e-07,6827930.75,263,4.068294533113755,4.630870965648727e-08,5087511.23148251
2020-11-10 22:17:59,74.67272727272727,62.833333333333336,1.4464704704865418e-07,7588534.5,776,2.5516806971416486,5.377908274438837e-08,6142232.07627148
2020-11-10 22:18:59,73.33333333333333,62.5,1.4334734491670013e-07,4345278.75,51,1.8318175552045448,5.849794066556429e-08,3887598.3247475796
2020-11-10 22:19:59,72.46666666666667,63,1.288995328548017e-07,5376710.75,52,0.8844332774281066,2.7290811816592908e-08,3957007.447217681
2020-11-10 22:21:59,72.5,63,1.3053005338944436e-07,7444662.75,69,1.7748239349298849,3.1226873148317555e-08,5850495.505856592
2020-11-10 22:22:59,71.85714285714286,63,1.312119010540163e-07,5122723.25,318,1.1664236870396085,5.205754435501173e-08,5688478.7608963335
2020-11-10 22:23:59,54.8125,61.666666666666664,1.7378354821376813e-07,2834663.25,182,7.863831365816538,7.410028880474883e-08,1819740.1270925163
2020-11-10 22:24:59,,61,1.6590208513751986e-07,3816939.25,267,,6.809613767020688e-08,3498137.1763744038
2020-11-10 22:26:59,69.83333333333333,63.333333333333336,1.5070175986972445e-07,4178319.5,529,7.676623968617687,7.464266801721784e-08,4778937.3998658685
2020-11-10 22:27:59,,64,1.5551652764669677e-07,2162955.75,623,,7.07314022357718e-08,1705240.6075972645
2020-11-10 22:28:59,69.47619047619048,64.41666666666667,1.4071060234843048e-07,6451875.5,68,1.051939144494025,6.91433824100006e-08,5037831.976903631
2020-11-10 22:32:59,,66.08333333333333,1.6367662522374683e-07,6244788,611,,7.609589406564321e-08,4980990.1030750405
2020-11-10 22:33:59,,66.91666666666667,1.5504061060592357e-07,7623336,187,,7.937548244250768e-08,5985721.47515097
2020-11-10 22:34:59,67.42857142857143,66.5,1.4074478282480496e-07,8404884,288,8.764492371530267,6.450633678387874e-08,6612452.613069034
2020-11-10 22:35:59,78.88235294117646,66.58333333333333,1.324425017283247e-07,5098180.25,320,2.147931598059475,5.504039548274741e-08,5207752.583284722
2020-11-10 22:36:59,79.66666666666667,66,1.451013348053853e-07,6408340,477,0.9428090415820634,6.598344446930366e-08,5525233.680382713
2020-11-10 22:37:59,73.02941176470588,66,1.6315692994769277e-07,7606212,198,3.929416167662204,7.435425447403495e-08,6161421.478394373
2020-11-10 22:39:59,67.6923076923077,65,1.2020174226652326e-07,5017776,499,0.7216024245882199,4.4741591517544837e-08,5657764.758605337
2020-11-10 22:40:59,,65,1.4049620050300123e-07,6197392,234,,4.795768199365446e-08,5615641.478297248
2020-11-10 22:41:59,77.76923076923077,64.5,1.328908667041471e-07,6558408,200,2.005908432370046,4.055334482724606e-08,4982885.61475823
2020-11-10 22:45:59,72.82608695652173,63,1.5120734336664913e-07,6678960.5,387,5.096052811079192,7.058158038225554e-08,5512209.828640121
2020-11-10 22:46:59,80.25,63.583333333333336,1.8243818831676086e-07,6983356.25,376,3.5216169175942054,9.016063414373958e-08,5275567.201470064
2020-11-10 22:48:59,75.63333333333334,64,1.3498116767890763e-07,4886944.75,305,1.6927951900792828,5.1878548812487336e-08,4471211.826953369
2020-11-10 22:49:59,75.82142857142857,64,1.3628701081620337e-07,6230464.75,101,2.323076338278488,5.995954895905672e-08,5040826.696101313
2020-11-10 22:50:59,76.23333333333333,64,1.416474138621709e-07,6904236.75,66,2.4519833242137317,5.970395162792248e-08,5217011.731576391
2020-11-10 22:52:59,81,64,1.3793810024384161e-07,5693349,309,0.0,7.164727843405811e-08,6378571.536511643
2020-11-10 22:54:59,74.7,64.33333333333333,1.5717027065591944e-07,7364284.75,930,2.703701166919155,8.376487364020138e-08,5882875.771464088
